id	output
{"poolManager":"0x06380c0e0912312b5150364b9dc4542ba0dbbc85","txHash":"0x2cac935ea7890cfbc87c0f8039fef4b35f77fbb789bb881311188640a321f341"}	[{"salt": "2", "amount0": "0", "amount1": "49468", "ordinal": 0, "tickLower": -887200, "tickUpper": 887200, "liquidityDelta": "0"}]
{"poolManager":"0x06380c0e0912312b5150364b9dc4542ba0dbbc85","txHash":"0x2b33d6fd7451a16b8075b085bc3324cf1b6e059a25770656f7dea01b560623fc"}	[{"salt": "4", "amount0": "0", "amount1": "0", "ordinal": 0, "tickLower": -887200, "tickUpper": 887200, "liquidityDelta": "-499"}]
{"poolManager":"0x06380c0e0912312b5150364b9dc4542ba0dbbc85","txHash":"0x97ca017f5f646d97587e9cab5162e4143742646a95f291a463d55ea5a9806838"}	[{"salt": "4", "amount0": "0", "amount1": "0", "ordinal": 0, "tickLower": -887200, "tickUpper": 887200, "liquidityDelta": "999"}]
{"poolManager":"0x06380c0e0912312b5150364b9dc4542ba0dbbc85","txHash":"0xc1b0da72ea1baf5c97293db0ef8253ec51042e1e7334704e4b8ae1fe868bc3ce"}	[{"salt": "4", "amount0": "0", "amount1": "0", "ordinal": 0, "tickLower": -887200, "tickUpper": 887200, "liquidityDelta": "0"}]
{"poolManager":"0x06380c0e0912312b5150364b9dc4542ba0dbbc85","txHash":"0x82c61f7991b0267a8fe3757192388f069e0d22cf5c9042cfd0fc3da6bb056ac6"}	[{"salt": "5", "amount0": "0", "amount1": "0", "ordinal": 0, "tickLower": -887220, "tickUpper": -276300, "liquidityDelta": "-60037422285"}]
{"poolManager":"0x06380c0e0912312b5150364b9dc4542ba0dbbc85","txHash":"0x1292c63d77e4712a65aefd2c39288a5d61b34726c4579079372136ee5d008805"}	[{"salt": "8", "amount0": "0", "amount1": "0", "ordinal": 0, "tickLower": -237250, "tickUpper": -236680, "liquidityDelta": "-729838254729807"}]
{"poolManager":"0x06380c0e0912312b5150364b9dc4542ba0dbbc85","txHash":"0xa2a586d4a2c96af88d10ca1b5a71a659a8f019fa0c640bd1d6154e2fc9cac795"}	[{"salt": "10", "amount0": "0", "amount1": "0", "ordinal": 0, "tickLower": -237260, "tickUpper": -236810, "liquidityDelta": "-921048751877728"}]
{"poolManager":"0x06380c0e0912312b5150364b9dc4542ba0dbbc85","txHash":"0x60c7cdba490ffa448c61617bb77d98f2887c344e26886a7ac95fc770a0786193"}	[{"salt": "11", "amount0": "0", "amount1": "475640341964182473", "ordinal": 0, "tickLower": -887220, "tickUpper": 887220, "liquidityDelta": "-348849592782059"}]
{"poolManager":"0x06380c0e0912312b5150364b9dc4542ba0dbbc85","txHash":"0x7bf6b7edf068cde262ee747c4c97eaba15e161139e20d622b78caf5b22713d4e"}	[{"salt": "12", "amount0": "0", "amount1": "0", "ordinal": 0, "tickLower": -317270, "tickUpper": -306280, "liquidityDelta": "-102091088055040"}]
{"poolManager":"0x06380c0e0912312b5150364b9dc4542ba0dbbc85","txHash":"0x1e38ed60e919babe72348faba0482f129cccc8a42cc75a068b9706fa6414a7e9"}	[{"salt": "15", "amount0": "0", "amount1": "82", "ordinal": 0, "tickLower": -887220, "tickUpper": 887220, "liquidityDelta": "-2535122837"}]
{"poolManager":"0x06380c0e0912312b5150364b9dc4542ba0dbbc85","txHash":"0x1949cb6a9b6f719240ae6aa767debbef27f47760f72f95bea1a04a2b7c591804"}	[{"salt": "15", "amount0": "0", "amount1": "0", "ordinal": 0, "tickLower": -887220, "tickUpper": 887220, "liquidityDelta": "53478434"}]
{"poolManager":"0x06380c0e0912312b5150364b9dc4542ba0dbbc85","txHash":"0xa13f786cafbfffd8445510218855326fc86443c77966f203509b52c7efc19dfa"}	[{"salt": "15", "amount0": "0", "amount1": "0", "ordinal": 0, "tickLower": -887220, "tickUpper": 887220, "liquidityDelta": "0"}]
{"poolManager":"0x06380c0e0912312b5150364b9dc4542ba0dbbc85","txHash":"0x80ded5e0ea18a4c590c914628ea50ea9446077b77a0b7ab11bfb5eca353c46d2"}	[{"salt": "14", "amount0": "0", "amount1": "466604881532720211", "ordinal": 0, "tickLower": 319740, "tickUpper": 322500, "liquidityDelta": "-501752660357147"}]
{"poolManager":"0x06380c0e0912312b5150364b9dc4542ba0dbbc85","txHash":"0xc1e70136e9bb912124c06f6cbedd559466f2bb3837eee634a99ab9028739a5db"}	[{"salt": "20", "amount0": "0", "amount1": "0", "ordinal": 0, "tickLower": -384528, "tickUpper": -92109, "liquidityDelta": "9040870"}]
{"poolManager":"0x06380c0e0912312b5150364b9dc4542ba0dbbc85","txHash":"0x9e2ccfdc51c3cd0d9f3909bfea3429dca039dedd8718e24519bbd6157ea8021a"}	[{"salt": "20", "amount0": "0", "amount1": "0", "ordinal": 0, "tickLower": -384528, "tickUpper": -92109, "liquidityDelta": "-24862393"}]
{"poolManager":"0x06380c0e0912312b5150364b9dc4542ba0dbbc85","txHash":"0x70dfd1bf007896b9e2d958f105f10366c625c20caaf5f0fead69b057f7229456"}	[{"salt": "20", "amount0": "0", "amount1": "0", "ordinal": 0, "tickLower": -384528, "tickUpper": -92109, "liquidityDelta": "-54245222"}]
{"poolManager":"0x06380c0e0912312b5150364b9dc4542ba0dbbc85","txHash":"0xc80d953d76b619ce2b81b0ed19477b591bf5d525de97e396c4b23efc930b3668"}	[{"salt": "20", "amount0": "0", "amount1": "0", "ordinal": 0, "tickLower": -384528, "tickUpper": -92109, "liquidityDelta": "-29382830"}]
{"poolManager":"0x06380c0e0912312b5150364b9dc4542ba0dbbc85","txHash":"0x04255810e96955e16166e7f9b1643ebed13832a59d85d4ac3b223bfb6112f293"}	[{"salt": "24", "amount0": "0", "amount1": "0", "ordinal": 0, "tickLower": -115620, "tickUpper": -114600, "liquidityDelta": "-2803906309188342308070"}]
{"poolManager":"0x06380c0e0912312b5150364b9dc4542ba0dbbc85","txHash":"0xd643b405f7970e4b236acca386e9149974e9ee0e6a84d55dbe2f49866200ea49"}	[{"salt": "25", "amount0": "0", "amount1": "0", "ordinal": 0, "tickLower": -245410, "tickUpper": -239430, "liquidityDelta": "8381356217167"}]
{"poolManager":"0x06380c0e0912312b5150364b9dc4542ba0dbbc85","txHash":"0x0d4b2c18dcc293e879590dd273d0615df4a6f1df8b5942ac0dbbbb0c965e2d0f"}	[{"salt": "23", "amount0": "0", "amount1": "3210071010145591120", "ordinal": 0, "tickLower": 314400, "tickUpper": 321000, "liquidityDelta": "-14505607429913904"}]
{"poolManager":"0x06380c0e0912312b5150364b9dc4542ba0dbbc85","txHash":"0xd56095b7eddb27aae122519aa15e9f5299d55010dba76374aee6c6d5c8746faf"}	[{"salt": "18", "amount0": "40623656050078", "amount1": "0", "ordinal": 0, "tickLower": -887220, "tickUpper": 887220, "liquidityDelta": "-1438339462046704656"}]
{"poolManager":"0x06380c0e0912312b5150364b9dc4542ba0dbbc85","txHash":"0xe6e6396f12629fa386e2e800b388c3457a3fe2dd9afa525f987529c6a186625f"}	[{"salt": "22", "amount0": "1791613896983759", "amount1": "10016", "ordinal": 0, "tickLower": -242650, "tickUpper": -242310, "liquidityDelta": "-927106790061030"}]
{"poolManager":"0x06380c0e0912312b5150364b9dc4542ba0dbbc85","txHash":"0xa9509ab0716b7c74b41dea3ad3721e97880f881f7ac88cca8abf4618ef76b629"}	[{"salt": "29", "amount0": "0", "amount1": "0", "ordinal": 0, "tickLower": -309790, "tickUpper": -309750, "liquidityDelta": "-995360037098159806"}]
{"poolManager":"0x06380c0e0912312b5150364b9dc4542ba0dbbc85","txHash":"0x718979b2c681b21917cc3ad441b2f2196e5d10a82fc93768e61cfa3f2ccd17db"}	[{"salt": "30", "amount0": "0", "amount1": "0", "ordinal": 0, "tickLower": -309910, "tickUpper": -309890, "liquidityDelta": "-2003701493824421470"}]
{"poolManager":"0x06380c0e0912312b5150364b9dc4542ba0dbbc85","txHash":"0xb2c2103c4db987759f13c17eb2b624c3b8bf140aef8d3449d3c4f011d5dc05ed"}	[{"salt": "33", "amount0": "0", "amount1": "0", "ordinal": 0, "tickLower": -323220, "tickUpper": -301260, "liquidityDelta": "392813340489"}]
{"poolManager":"0x06380c0e0912312b5150364b9dc4542ba0dbbc85","txHash":"0xf4f9718eff1598a3d08c917946923637377125870de52f33414c57a039be45f7"}	[{"salt": "33", "amount0": "0", "amount1": "0", "ordinal": 0, "tickLower": -323220, "tickUpper": -301260, "liquidityDelta": "2353770514332"}]
{"poolManager":"0x06380c0e0912312b5150364b9dc4542ba0dbbc85","txHash":"0x7ff8a0a28c4efa013219f4d86dd14ebfb882ee5b06d4545e52374fcef738ae84"}	[{"salt": "33", "amount0": "2494517043678031", "amount1": "0", "ordinal": 0, "tickLower": -323220, "tickUpper": -301260, "liquidityDelta": "2669278590250"}]
{"poolManager":"0x06380c0e0912312b5150364b9dc4542ba0dbbc85","txHash":"0x0d2ffea4f3aae909350f101801281bf9a66a3d464059274bfbb7d75fa3e73c9a"}	[{"salt": "33", "amount0": "0", "amount1": "0", "ordinal": 0, "tickLower": -323220, "tickUpper": -301260, "liquidityDelta": "345073444325"}]
{"poolManager":"0x06380c0e0912312b5150364b9dc4542ba0dbbc85","txHash":"0x491f5ffac5edf93047206b1f4a8a1bf98ccd61dd3de490ee4feca64dfca25210"}	[{"salt": "21", "amount0": "28406445974538", "amount1": "731", "ordinal": 0, "tickLower": -241980, "tickUpper": -240770, "liquidityDelta": "-29416591186182"}]
{"poolManager":"0x06380c0e0912312b5150364b9dc4542ba0dbbc85","txHash":"0xb143dfb0a474b7e73575e8a910b0c1772cc83a9f42ec913610bc85a6a84bcda5"}	[{"salt": "32", "amount0": "7255073238198616", "amount1": "129976", "ordinal": 0, "tickLower": -243780, "tickUpper": -238250, "liquidityDelta": "-852571465956471"}]
{"poolManager":"0x06380c0e0912312b5150364b9dc4542ba0dbbc85","txHash":"0x2065c2a14d1c612facf58e49715301de0529e06493324ace3bea4596faaa8fcd"}	[{"salt": "26", "amount0": "0", "amount1": "0", "ordinal": 0, "tickLower": -241660, "tickUpper": -240770, "liquidityDelta": "-1560097802165769"}]
{"poolManager":"0x06380c0e0912312b5150364b9dc4542ba0dbbc85","txHash":"0x676f253180f12840812fa88a96cef1113d6a0716d2fac996a1697af280ba1522"}	[{"salt": "35", "amount0": "181195338160755", "amount1": "7956", "ordinal": 0, "tickLower": -244880, "tickUpper": -243000, "liquidityDelta": "-16277534080016"}]
{"poolManager":"0x06380c0e0912312b5150364b9dc4542ba0dbbc85","txHash":"0x21d6cef7c6c8ea71fa5b18b4ce2fca51a340e21f98022f69b8fddf0fdfee8d45"}	[{"salt": "39", "amount0": "0", "amount1": "0", "ordinal": 0, "tickLower": -887220, "tickUpper": 887220, "liquidityDelta": "-41230110495375672408"}]
{"poolManager":"0x06380c0e0912312b5150364b9dc4542ba0dbbc85","txHash":"0xc6e468de38b654bc57d298bb337cfb76ffbc25771de6c6afb6de39652e790726"}	[{"salt": "34", "amount0": "22073924246291274", "amount1": "760083", "ordinal": 0, "tickLower": -246370, "tickUpper": -241980, "liquidityDelta": "-1163263393457646"}]
{"poolManager":"0x06380c0e0912312b5150364b9dc4542ba0dbbc85","txHash":"0x812aad13ffed9314d283f8e7eea53d71fd7417b60e531e1ab23b7186f487cfc7"}	[{"salt": "36", "amount0": "1199999999999999", "amount1": "81831", "ordinal": 0, "tickLower": -887200, "tickUpper": 887200, "liquidityDelta": "89419137432"}]
{"poolManager":"0x06380c0e0912312b5150364b9dc4542ba0dbbc85","txHash":"0x3fd42c250c43244f8ffef174355e14677189f00cb64381b8c7ddfbd47a2450af"}	[{"salt": "44", "amount0": "0", "amount1": "0", "ordinal": 0, "tickLower": -309300, "tickUpper": -307820, "liquidityDelta": "-28791368892397920"}]
{"poolManager":"0x06380c0e0912312b5150364b9dc4542ba0dbbc85","txHash":"0xba02e9522ff46e6f81d147342683aea4f919ced05526397102238223754a02ab"}	[{"salt": "36", "amount0": "0", "amount1": "8125", "ordinal": 0, "tickLower": -887200, "tickUpper": 887200, "liquidityDelta": "-9887328518730"}]
{"poolManager":"0x06380c0e0912312b5150364b9dc4542ba0dbbc85","txHash":"0xb20d6214e6e0b434231f217a1d58742a405412f84ea0c8d7dea3e6b006dac1dd"}	[{"salt": "42", "amount0": "0", "amount1": "8755", "ordinal": 0, "tickLower": -887180, "tickUpper": 887180, "liquidityDelta": "-13658975415044"}]
{"poolManager":"0x06380c0e0912312b5150364b9dc4542ba0dbbc85","txHash":"0x746a571e321b3c15226bd25c4a1d8879211f9e96e031e1f34cdc442fafd43457"}	[{"salt": "46", "amount0": "355015231387327", "amount1": "0", "ordinal": 0, "tickLower": -887220, "tickUpper": 887220, "liquidityDelta": "-215034904579581183"}]
{"poolManager":"0x06380c0e0912312b5150364b9dc4542ba0dbbc85","txHash":"0xe87af3bf05d097d192311dce2d05fd554e74f51353d58d0c7ea20bba52a9e602"}	[{"salt": "49", "amount0": "0", "amount1": "0", "ordinal": 0, "tickLower": 2213, "tickUpper": 3615, "liquidityDelta": "-8250083291399050670"}]
{"poolManager":"0x06380c0e0912312b5150364b9dc4542ba0dbbc85","txHash":"0xeb88985ad7ac280421b71f0371df8f4e77dcf90b4a733d780736ff449dcae81f"}	[{"salt": "50", "amount0": "63448885377490", "amount1": "1151", "ordinal": 0, "tickLower": -244980, "tickUpper": -242340, "liquidityDelta": "46020947122703"}]
{"poolManager":"0x06380c0e0912312b5150364b9dc4542ba0dbbc85","txHash":"0x0c876da7aa5f202bda60efe652f69cdcbcdfcdc0be99d0180b647d68b9a10c23"}	[{"salt": "52", "amount0": "7214571592128", "amount1": "0", "ordinal": 0, "tickLower": -243670, "tickUpper": -240210, "liquidityDelta": "-443086562313345"}]
{"poolManager":"0x06380c0e0912312b5150364b9dc4542ba0dbbc85","txHash":"0x774e9d35841e9d58b5bd6b8a6adcb68cfbf56cbc20e7d639eb8bb17402f86c53"}	[{"salt": "47", "amount0": "68640035124263012", "amount1": "1807503", "ordinal": 0, "tickLower": -244540, "tickUpper": -242650, "liquidityDelta": "310620318498272"}]
{"poolManager":"0x06380c0e0912312b5150364b9dc4542ba0dbbc85","txHash":"0x64ae83ff1e1d7f747f1d7d7b58fd8f3276d4abf5bb5330255dfacfff522f0e1d"}	[{"salt": "9", "amount0": "29038760", "amount1": "6787070455616086665750", "ordinal": 0, "tickLower": 318300, "tickUpper": 320160, "liquidityDelta": "-4436944675361730890"}]
{"poolManager":"0x06380c0e0912312b5150364b9dc4542ba0dbbc85","txHash":"0x6ee7622df41db64119db5251f80efdbb97341b0e1cab3f98ee6bc09294fa3f09"}	[{"salt": "55", "amount0": "0", "amount1": "0", "ordinal": 0, "tickLower": -244050, "tickUpper": -239690, "liquidityDelta": "1153560714591690"}]
{"poolManager":"0x06380c0e0912312b5150364b9dc4542ba0dbbc85","txHash":"0x85559cf970aad0a3ad7ef345ae5e8e72f6ce96a99ab159e1965274ec9dd595e7"}	[{"salt": "45", "amount0": "10237324987172174", "amount1": "242691", "ordinal": 0, "tickLower": -245410, "tickUpper": -243360, "liquidityDelta": "-226898657763587"}]
{"poolManager":"0x06380c0e0912312b5150364b9dc4542ba0dbbc85","txHash":"0x0cfa67ec0bdb54364ad2185333ec381e16772667c7c073f3c695a57a4c150794"}	[{"salt": "50", "amount0": "5904702461079228", "amount1": "112630", "ordinal": 0, "tickLower": -244980, "tickUpper": -242340, "liquidityDelta": "0"}]
{"poolManager":"0x06380c0e0912312b5150364b9dc4542ba0dbbc85","txHash":"0x14baf27a5ecd325b1048edf9c6132bdbea1df6cd09004806115f4404a2cb0c80"}	[{"salt": "50", "amount0": "0", "amount1": "0", "ordinal": 0, "tickLower": -244980, "tickUpper": -242340, "liquidityDelta": "-83437083661553"}]
{"poolManager":"0x06380c0e0912312b5150364b9dc4542ba0dbbc85","txHash":"0xfabcef52e67b65fb9fc1dce9cc4727efef73c91de4db41ccd41cb06bbaea07a9"}	[{"salt": "51", "amount0": "0", "amount1": "0", "ordinal": 0, "tickLower": -1080, "tickUpper": 960, "liquidityDelta": "-21338374629084549984"}]
{"poolManager":"0x06380c0e0912312b5150364b9dc4542ba0dbbc85","txHash":"0x1cb18d0b7c1a3d5c08461dec4dd6b5c398920aa9a87e8af7e0fa585a241b46f7"}	[{"salt": "60", "amount0": "0", "amount1": "0", "ordinal": 0, "tickLower": -887220, "tickUpper": 887220, "liquidityDelta": "510165652"}]
{"poolManager":"0x06380c0e0912312b5150364b9dc4542ba0dbbc85","txHash":"0x8ea5ad3c0421af19b2bd130ea38060d81c45b8d83685ca2fa1f62faeb31425c6"}	[{"salt": "60", "amount0": "0", "amount1": "0", "ordinal": 0, "tickLower": -887220, "tickUpper": 887220, "liquidityDelta": "-420842564"}]
{"poolManager":"0x06380c0e0912312b5150364b9dc4542ba0dbbc85","txHash":"0xd4cf1fd34219014639420815acd6798906e2b7c3035ae5f0d42688c5c919c1e2"}	[{"salt": "58", "amount0": "2654965353714368", "amount1": "32366", "ordinal": 0, "tickLower": -244980, "tickUpper": -239040, "liquidityDelta": "0"}]
{"poolManager":"0x06380c0e0912312b5150364b9dc4542ba0dbbc85","txHash":"0x1ee8b1d46793b34b82fcbde30128dc6616641e73814785e0fab612649bc4070a"}	[{"salt": "58", "amount0": "0", "amount1": "0", "ordinal": 0, "tickLower": -244980, "tickUpper": -239040, "liquidityDelta": "-75301221059542"}]
{"poolManager":"0x06380c0e0912312b5150364b9dc4542ba0dbbc85","txHash":"0x2bdb906b8e65c54d4ef944f82e342c2480ca6618a62495d592b194f0f12cf10a"}	[{"salt": "65", "amount0": "0", "amount1": "1466124039194799690", "ordinal": 0, "tickLower": 276320, "tickUpper": 276330, "liquidityDelta": "2238217600719077651"}]
{"poolManager":"0x06380c0e0912312b5150364b9dc4542ba0dbbc85","txHash":"0x93587c7337a26f49a5c03104feb3b5471f6fc686108d5a873b9e754af11fd71f"}	[{"salt": "25", "amount0": "14599878939609832", "amount1": "347534", "ordinal": 0, "tickLower": -245410, "tickUpper": -239430, "liquidityDelta": "0"}]
{"poolManager":"0x06380c0e0912312b5150364b9dc4542ba0dbbc85","txHash":"0xdd4ef7ff047f7808450fa901779fcef3b96b7db8af1af34ea9d0b81edd57672f"}	[{"salt": "37", "amount0": "5441961314715883", "amount1": "151383", "ordinal": 0, "tickLower": -243220, "tickUpper": -214170, "liquidityDelta": "-594647937622354"}]
{"poolManager":"0x06380c0e0912312b5150364b9dc4542ba0dbbc85","txHash":"0xec04dbd6780cb27360a069b57d81d1b5d3cc6feef916ef9f8ba964f5a84b579d"}	[{"salt": "41", "amount0": "5225192267455148", "amount1": "128212", "ordinal": 0, "tickLower": -244960, "tickUpper": -240760, "liquidityDelta": "0"}]
{"poolManager":"0x06380c0e0912312b5150364b9dc4542ba0dbbc85","txHash":"0x311b1cdfe60c495aca89e3a99693bb9f4cca07a3272c4468331143c7528b7f71"}	[{"salt": "41", "amount0": "0", "amount1": "0", "ordinal": 0, "tickLower": -244960, "tickUpper": -240760, "liquidityDelta": "-54881066580692"}]
{"poolManager":"0x06380c0e0912312b5150364b9dc4542ba0dbbc85","txHash":"0x5a8af443b0eb05a0ed931e126bfe459f6fc05ff6c4b533aa28e5e21efd49a8c3"}	[{"salt": "68", "amount0": "0", "amount1": "1320498673573146542781161", "ordinal": 0, "tickLower": -887200, "tickUpper": 887200, "liquidityDelta": "0"}]
{"poolManager":"0x06380c0e0912312b5150364b9dc4542ba0dbbc85","txHash":"0xf1c82e040bddb6b667d4e374e3c3bc5202fe5529c97ad8ad7ddcd6d1fd877015"}	[{"salt": "68", "amount0": "0", "amount1": "0", "ordinal": 0, "tickLower": -887200, "tickUpper": 887200, "liquidityDelta": "-667194811127058195040"}]
{"poolManager":"0x06380c0e0912312b5150364b9dc4542ba0dbbc85","txHash":"0x826eae02a653026ae8cf748a03bb7197484648f22eeed59341db5284e00258bf"}	[{"salt": "73", "amount0": "0", "amount1": "0", "ordinal": 0, "tickLower": -887220, "tickUpper": 887220, "liquidityDelta": "-248861683"}]
{"poolManager":"0x06380c0e0912312b5150364b9dc4542ba0dbbc85","txHash":"0x02f28f9a395d285d86a4a4dc4d0712051fa427d682eb462a3d0df05c88fa5601"}	[{"salt": "73", "amount0": "0", "amount1": "0", "ordinal": 0, "tickLower": -887220, "tickUpper": 887220, "liquidityDelta": "49611651"}]
{"poolManager":"0x06380c0e0912312b5150364b9dc4542ba0dbbc85","txHash":"0xc1bb3b77be707875340101cac56592e4fac0d88d25d02448d4974e925c130e7b"}	[{"salt": "73", "amount0": "0", "amount1": "0", "ordinal": 0, "tickLower": -887220, "tickUpper": 887220, "liquidityDelta": "0"}]
{"poolManager":"0x06380c0e0912312b5150364b9dc4542ba0dbbc85","txHash":"0x8a65f90945cc6f86a279cf8fcf94491c814d0cabbf8863cd55baac93415b9af1"}	[{"salt": "74", "amount0": "27942810508381", "amount1": "912", "ordinal": 0, "tickLower": -245070, "tickUpper": -242490, "liquidityDelta": "-2633172881217"}]
{"poolManager":"0x06380c0e0912312b5150364b9dc4542ba0dbbc85","txHash":"0x7da30a2e8f8fd0a9d9e83b8d5e6d656ce22577e6e78173b89997e8cc20f004bf"}	[{"salt": "76", "amount0": "0", "amount1": "0", "ordinal": 0, "tickLower": -337440, "tickUpper": -321300, "liquidityDelta": "-179651874147252"}]
{"poolManager":"0x06380c0e0912312b5150364b9dc4542ba0dbbc85","txHash":"0x15f66ef8383d3234115add0b66978beae412de1edc2a3910a225ca47c5954cab"}	[{"salt": "76", "amount0": "0", "amount1": "0", "ordinal": 0, "tickLower": -337440, "tickUpper": -321300, "liquidityDelta": "-1814665395427"}]
{"poolManager":"0x06380c0e0912312b5150364b9dc4542ba0dbbc85","txHash":"0x526e873c892a324a657c24f5b8836a0d834179055b2e59245a1f6f2577a4712d"}	[{"salt": "77", "amount0": "0", "amount1": "0", "ordinal": 0, "tickLower": 77400, "tickUpper": 92200, "liquidityDelta": "-1918728823902960361886"}]
{"poolManager":"0x06380c0e0912312b5150364b9dc4542ba0dbbc85","txHash":"0xc075f627a1da61bd9427f771cd99a1535da9470eab9d2c2509bbc0a4fc246ee2"}	[{"salt": "75", "amount0": "0", "amount1": "0", "ordinal": 0, "tickLower": 68520, "tickUpper": 68820, "liquidityDelta": "-126522231"}]
{"poolManager":"0x06380c0e0912312b5150364b9dc4542ba0dbbc85","txHash":"0x3f6a6f5d81214e1c6fa591a491fba91f7710af1b17259ad95af773e0d260c2a3"}	[{"salt": "56", "amount0": "16424959758858712", "amount1": "428044", "ordinal": 0, "tickLower": -246370, "tickUpper": -240770, "liquidityDelta": "-193142567671213"}]
{"poolManager":"0x06380c0e0912312b5150364b9dc4542ba0dbbc85","txHash":"0xb801aecccfc5a0fb596c02e7d4ead6dbe3584169be8b4a46a71dfe4de8e6b52d"}	[{"salt": "69", "amount0": "4", "amount1": "8350", "ordinal": 0, "tickLower": 67320, "tickUpper": 70020, "liquidityDelta": "-7607406"}]
{"poolManager":"0x06380c0e0912312b5150364b9dc4542ba0dbbc85","txHash":"0x9c03e5a6ae547d778efdcbf1188909aa946fc1b72bca75dab7259ee6d584fd3e"}	[{"salt": "62", "amount0": "210660884752196703", "amount1": "5171464", "ordinal": 0, "tickLower": -246780, "tickUpper": -244050, "liquidityDelta": "-4683017891600652"}]
{"poolManager":"0x06380c0e0912312b5150364b9dc4542ba0dbbc85","txHash":"0x71ebcbd6aaff6e02a0e4a28b07ad47621ae31d6a8ad6e0873bdd5727469d7d62"}	[{"salt": "64", "amount0": "6014342100182023", "amount1": "145107", "ordinal": 0, "tickLower": -245880, "tickUpper": -244380, "liquidityDelta": "-727775805555199"}]
{"poolManager":"0x06380c0e0912312b5150364b9dc4542ba0dbbc85","txHash":"0x2e74c6573b37bb3033b885d71ca0ef5b873d919e0b77467b3a2764005fd7eee2"}	[{"salt": "80", "amount0": "24073430288778", "amount1": "726", "ordinal": 0, "tickLower": -246690, "tickUpper": -238940, "liquidityDelta": "-7288147119959"}]
{"poolManager":"0x06380c0e0912312b5150364b9dc4542ba0dbbc85","txHash":"0x8e743d0d15c444e1d4264fc65fa22c4de894f2e5d9fc6b08704fbf2ccf226782"}	[{"salt": "82", "amount0": "0", "amount1": "0", "ordinal": 0, "tickLower": -246366, "tickUpper": -243742, "liquidityDelta": "153857030564840"}]
{"poolManager":"0x06380c0e0912312b5150364b9dc4542ba0dbbc85","txHash":"0x706161db43fa182a1f9e9aea947e6dcc0a417a463e2628c308674debd5d279cc"}	[{"salt": "82", "amount0": "0", "amount1": "610", "ordinal": 0, "tickLower": -246366, "tickUpper": -243742, "liquidityDelta": "-469709117001425"}]
{"poolManager":"0x06380c0e0912312b5150364b9dc4542ba0dbbc85","txHash":"0xd4bac39318a98ab9410b6110a2ef08aa56c184288e27a04979cadf4b16ab951a"}	[{"salt": "83", "amount0": "1209377984194368", "amount1": "28397", "ordinal": 0, "tickLower": -244134, "tickUpper": -243881, "liquidityDelta": "-4494339957341987"}]
{"poolManager":"0x06380c0e0912312b5150364b9dc4542ba0dbbc85","txHash":"0xcf6a70b4f163597bc03e29edccfe877cbc47e15bdbc6eebbb5dbb0242c5866aa"}	[{"salt": "13", "amount0": "1498500872235896", "amount1": "35681", "ordinal": 0, "tickLower": -246370, "tickUpper": -235380, "liquidityDelta": "-6972017732097"}]
{"poolManager":"0x06380c0e0912312b5150364b9dc4542ba0dbbc85","txHash":"0xc83163342e001e33485f2be3475273727456cbb639a973318b5fc4d1fabb3e80"}	[{"salt": "73", "amount0": "29726497779", "amount1": "0", "ordinal": 0, "tickLower": -887220, "tickUpper": 887220, "liquidityDelta": "0"}]
{"poolManager":"0x06380c0e0912312b5150364b9dc4542ba0dbbc85","txHash":"0xfc9f155d85ae199028b131d6407873910f792df2fa3f780b8f1c59b37fbd2f03"}	[{"salt": "73", "amount0": "0", "amount1": "0", "ordinal": 0, "tickLower": -887220, "tickUpper": 887220, "liquidityDelta": "0"}]
{"poolManager":"0x06380c0e0912312b5150364b9dc4542ba0dbbc85","txHash":"0x6a3ddd335d287e54408af6e2bb927e25c9e61d8483fedbb2f704d435673e150f"}	[{"salt": "85", "amount0": "0", "amount1": "0", "ordinal": 0, "tickLower": -887220, "tickUpper": 887220, "liquidityDelta": "-253186365"}]
{"poolManager":"0x06380c0e0912312b5150364b9dc4542ba0dbbc85","txHash":"0x60a7b3d3b46e7c0e4ddda055210e3ea1eb5c81934bfb115f7416d571345a1e54"}	[{"salt": "85", "amount0": "0", "amount1": "0", "ordinal": 0, "tickLower": -887220, "tickUpper": 887220, "liquidityDelta": "50538564"}]
{"poolManager":"0x06380c0e0912312b5150364b9dc4542ba0dbbc85","txHash":"0x40c077da2548ac2b28175517aa3d8cadc0b75fbcf4d412d6ffa378df9dcdf27e"}	[{"salt": "86", "amount0": "0", "amount1": "0", "ordinal": 0, "tickLower": -356040, "tickUpper": -354180, "liquidityDelta": "-27611018757813617"}]
{"poolManager":"0x06380c0e0912312b5150364b9dc4542ba0dbbc85","txHash":"0xffc979ac9a16be72dfdf21ff32125d804240ea028dd3d95067b8dab03e8cd5dd"}	[{"salt": "33", "amount0": "30055673588048343", "amount1": "895", "ordinal": 0, "tickLower": -323220, "tickUpper": -301260, "liquidityDelta": "0"}]
{"poolManager":"0x06380c0e0912312b5150364b9dc4542ba0dbbc85","txHash":"0x8153ffd7e5a0e8af20f58aed2baa77bf6f6783f2f2e0b276bfa733dcf992c00a"}	[{"salt": "33", "amount0": "0", "amount1": "0", "ordinal": 0, "tickLower": -323220, "tickUpper": -301260, "liquidityDelta": "13328900011"}]
{"poolManager":"0x06380c0e0912312b5150364b9dc4542ba0dbbc85","txHash":"0x1e639cefe3bc28068f6a5b9c480ba77b566db18351d4bac5a6f382372261d254"}	[{"salt": "89", "amount0": "0", "amount1": "0", "ordinal": 0, "tickLower": -243720, "tickUpper": -242640, "liquidityDelta": "-5193307025789356"}]
{"poolManager":"0x06380c0e0912312b5150364b9dc4542ba0dbbc85","txHash":"0x356582c715623b6b89bde14ace89e5985247c78daf7d04e50cbb7da5b6ef1f11"}	[{"salt": "88", "amount0": "0", "amount1": "0", "ordinal": 0, "tickLower": -243720, "tickUpper": -242640, "liquidityDelta": "-19960438652786130"}]
{"poolManager":"0x06380c0e0912312b5150364b9dc4542ba0dbbc85","txHash":"0x8875c0e72f06b3c11c977995746de445625f6b73fd11f87bea76e3362980dac6"}	[{"salt": "87", "amount0": "0", "amount1": "0", "ordinal": 0, "tickLower": -243720, "tickUpper": -242640, "liquidityDelta": "-4329050620973999"}]
{"poolManager":"0x06380c0e0912312b5150364b9dc4542ba0dbbc85","txHash":"0x564dc18152271f7302019e677c19f309ec0ee3b893922f22a0081a0629aa46e0"}	[{"salt": "91", "amount0": "186894524169614", "amount1": "7403", "ordinal": 0, "tickLower": -243550, "tickUpper": -240890, "liquidityDelta": "-110358780979367"}]
{"poolManager":"0x06380c0e0912312b5150364b9dc4542ba0dbbc85","txHash":"0x0213a008c9788ca3a93a92109128c2c33dbabc69549ba73ba885adb02540e17d"}	[{"salt": "55", "amount0": "94057089051641499", "amount1": "2492255", "ordinal": 0, "tickLower": -244050, "tickUpper": -239690, "liquidityDelta": "0"}]
{"poolManager":"0x06380c0e0912312b5150364b9dc4542ba0dbbc85","txHash":"0x03636b45c32c95e09d886574b3bc68282cfbe2a0b0a00f644e4cad6057928055"}	[{"salt": "17", "amount0": "10412683", "amount1": "279664", "ordinal": 0, "tickLower": -36000, "tickUpper": -33600, "liquidityDelta": "-1823189752"}]
{"poolManager":"0x06380c0e0912312b5150364b9dc4542ba0dbbc85","txHash":"0x4e8c38a2217beff8a018bed39fd4596daa329c48af02dc0f01c57a4fa7d0b24b"}	[{"salt": "97", "amount0": "0", "amount1": "8957502586076204", "ordinal": 0, "tickLower": -203, "tickUpper": 5481, "liquidityDelta": "-548596780106560502631"}]
{"poolManager":"0x06380c0e0912312b5150364b9dc4542ba0dbbc85","txHash":"0xec33ba6def21a8cceb42c2530aaba3e7b1887c42a1bd32b6aeedd17c46b3d936"}	[{"salt": "92", "amount0": "2031441744097378", "amount1": "53936", "ordinal": 0, "tickLower": -243630, "tickUpper": -241710, "liquidityDelta": "-492966917493306"}]
{"poolManager":"0x06380c0e0912312b5150364b9dc4542ba0dbbc85","txHash":"0x3284d799bacb7436ff22f5e346c213a709696bd5158bad92bfcb96d4c2602339"}	[{"salt": "25", "amount0": "12739031626604907", "amount1": "330170", "ordinal": 0, "tickLower": -245410, "tickUpper": -239430, "liquidityDelta": "0"}]
{"poolManager":"0x06380c0e0912312b5150364b9dc4542ba0dbbc85","txHash":"0x56d0ffc65bd948dca753ec40c615f0ec367edcd4cb1d16a87376525cb13a9110"}	[{"salt": "103", "amount0": "0", "amount1": "0", "ordinal": 0, "tickLower": -35800, "tickUpper": -35000, "liquidityDelta": "-228219115827"}]
{"poolManager":"0x06380c0e0912312b5150364b9dc4542ba0dbbc85","txHash":"0xeb19b5b1ceddfc90b7e2ae5c8692686912ef387aab566cf2c6b17f0b63ec8850"}	[{"salt": "104", "amount0": "0", "amount1": "0", "ordinal": 0, "tickLower": -887200, "tickUpper": 887200, "liquidityDelta": "396468797"}]
{"poolManager":"0x06380c0e0912312b5150364b9dc4542ba0dbbc85","txHash":"0x931a19a443371d56efeb73c6d9f2ab167156489a5c7a770c575ca563b4666ccb"}	[{"salt": "28", "amount0": "0", "amount1": "0", "ordinal": 0, "tickLower": 238200, "tickUpper": 244600, "liquidityDelta": "-652274563745102423"}]
{"poolManager":"0x06380c0e0912312b5150364b9dc4542ba0dbbc85","txHash":"0x83cae4f75d68efe82372bc3a1f5487801befa87ded3a95da2a55be249aa61bc4"}	[{"salt": "100", "amount0": "0", "amount1": "0", "ordinal": 0, "tickLower": -315400, "tickUpper": -310400, "liquidityDelta": "-703498902098"}]
{"poolManager":"0x06380c0e0912312b5150364b9dc4542ba0dbbc85","txHash":"0x00b5a0430e767c0cf08b8134c894a90fe0f6c456acbebd7fbe54c31b0d1b666b"}	[{"salt": "109", "amount0": "40960", "amount1": "21322466594464777297", "ordinal": 0, "tickLower": 307600, "tickUpper": 314400, "liquidityDelta": "-999494170138154"}]
{"poolManager":"0x06380c0e0912312b5150364b9dc4542ba0dbbc85","txHash":"0x12e89206909eb81907824add0cab316c1501e683082c7fb26b105c50a46d147d"}	[{"salt": "27", "amount0": "54473", "amount1": "10025327794787116964", "ordinal": 0, "tickLower": -887200, "tickUpper": 887200, "liquidityDelta": "-54"}]
{"poolManager":"0x06380c0e0912312b5150364b9dc4542ba0dbbc85","txHash":"0xa63e5ef266a449caac8a69acab6ef76373236dc873762bac781951fb6446c7ad"}	[{"salt": "108", "amount0": "0", "amount1": "0", "ordinal": 0, "tickLower": -314200, "tickUpper": -311600, "liquidityDelta": "-425763386265"}]
{"poolManager":"0x06380c0e0912312b5150364b9dc4542ba0dbbc85","txHash":"0x1783a3083d81449cfd4c32255c7db02fc67c7ecebdadda454ca210c3d5b90492"}	[{"salt": "99", "amount0": "0", "amount1": "0", "ordinal": 0, "tickLower": -240480, "tickUpper": -238920, "liquidityDelta": "-399970449791188"}]
{"poolManager":"0x06380c0e0912312b5150364b9dc4542ba0dbbc85","txHash":"0xa72ddb564759447a79b134364bfc50dc070bbfb9d584f8b3666d6c73e13651ed"}	[{"salt": "104", "amount0": "0", "amount1": "0", "ordinal": 0, "tickLower": -887200, "tickUpper": 887200, "liquidityDelta": "-4403147253"}]
{"poolManager":"0x06380c0e0912312b5150364b9dc4542ba0dbbc85","txHash":"0x9b894bdc1a09199d5b570c04fb7205d5100d72545669944cf56eacfaf2a93ec4"}	[{"salt": "105", "amount0": "4841789508962677", "amount1": "113120", "ordinal": 0, "tickLower": -244130, "tickUpper": -239430, "liquidityDelta": "-992069776442350"}]
{"poolManager":"0x06380c0e0912312b5150364b9dc4542ba0dbbc85","txHash":"0x77012dd685999072e17426eabb5dc013ba102a3853bb417bba8cf5a59342ecea"}	[{"salt": "111", "amount0": "0", "amount1": "0", "ordinal": 0, "tickLower": -244850, "tickUpper": -242040, "liquidityDelta": "19606475021601"}]
{"poolManager":"0x06380c0e0912312b5150364b9dc4542ba0dbbc85","txHash":"0x02bf8cde1926b17dc58474d945c0684329d710e7f4d38e6dd5b31d8eb1338177"}	[{"salt": "111", "amount0": "0", "amount1": "407", "ordinal": 0, "tickLower": -244850, "tickUpper": -242040, "liquidityDelta": "2518778148998"}]
{"poolManager":"0x06380c0e0912312b5150364b9dc4542ba0dbbc85","txHash":"0x71da701fdcdb931dcdbcb176ca00f2a03244b0b2fef5830a2141ad65da5745e4"}	[{"salt": "111", "amount0": "120004461631448", "amount1": "5626", "ordinal": 0, "tickLower": -244850, "tickUpper": -242040, "liquidityDelta": "-193242513799532"}]
{"poolManager":"0x06380c0e0912312b5150364b9dc4542ba0dbbc85","txHash":"0xc6ee442016ba888a15273003fa61a61320d76b35d4e8f12b2bb5576aabaa727b"}	[{"salt": "112", "amount0": "0", "amount1": "935", "ordinal": 0, "tickLower": -253300, "tickUpper": -231900, "liquidityDelta": "2091535888728"}]
{"poolManager":"0x06380c0e0912312b5150364b9dc4542ba0dbbc85","txHash":"0xae0f44d31bd942597395fd059af6d46d135a4481010b4f4225c0f5f53d799edb"}	[{"salt": "90", "amount0": "6785555775775902", "amount1": "160943", "ordinal": 0, "tickLower": -245190, "tickUpper": -236620, "liquidityDelta": "0"}]
{"poolManager":"0x06380c0e0912312b5150364b9dc4542ba0dbbc85","txHash":"0x67b4531f792e5ec94bcf461b348b4f9730e58d95df250c3bcec6af9935b6bc6c"}	[{"salt": "90", "amount0": "0", "amount1": "0", "ordinal": 0, "tickLower": -245190, "tickUpper": -236620, "liquidityDelta": "-151776296991199"}]
{"poolManager":"0x06380c0e0912312b5150364b9dc4542ba0dbbc85","txHash":"0x255774e69ec6a010d10ba010501fbb837a2f47cb6535239acbe13e64b40c030f"}	[{"salt": "102", "amount0": "0", "amount1": "0", "ordinal": 0, "tickLower": -886800, "tickUpper": 886800, "liquidityDelta": "-2473607286868"}]
{"poolManager":"0x06380c0e0912312b5150364b9dc4542ba0dbbc85","txHash":"0x9076d16d6acda840d1682868d627ba9a4e2b1d2ce125c047acc954321d67405d"}	[{"salt": "65", "amount0": "1", "amount1": "1056243318733068", "ordinal": 0, "tickLower": 276320, "tickUpper": 276330, "liquidityDelta": "-12012254424473128170"}]
{"poolManager":"0x06380c0e0912312b5150364b9dc4542ba0dbbc85","txHash":"0x0a5d08ca9872e5ea425f42820291ad908de385d44b9ae167176a4467219180b1"}	[{"salt": "114", "amount0": "0", "amount1": "0", "ordinal": 0, "tickLower": -887200, "tickUpper": 887200, "liquidityDelta": "-2967825216130"}]
{"poolManager":"0x06380c0e0912312b5150364b9dc4542ba0dbbc85","txHash":"0xdf2be426eb7dd9f8ee33531bfe040b555fb04c93803a86c1d3c3762b926b84be"}	[{"salt": "98", "amount0": "2224194216047953", "amount1": "57242", "ordinal": 0, "tickLower": -243880, "tickUpper": -243160, "liquidityDelta": "-1260297878219639"}]
{"poolManager":"0x06380c0e0912312b5150364b9dc4542ba0dbbc85","txHash":"0xf2d6926cc9305bcf73e768536c75ad2b6c6315987c05af08ee183bb17d7de65f"}	[{"salt": "116", "amount0": "0", "amount1": "0", "ordinal": 0, "tickLower": -887220, "tickUpper": 887220, "liquidityDelta": "208113170430"}]
{"poolManager":"0x06380c0e0912312b5150364b9dc4542ba0dbbc85","txHash":"0x828b5fd7fee2a0de56bceee0f2d90021590c04186c51fd3d1c8360d47778157b"}	[{"salt": "113", "amount0": "0", "amount1": "0", "ordinal": 0, "tickLower": -887000, "tickUpper": 887000, "liquidityDelta": "-601388869"}]
{"poolManager":"0x06380c0e0912312b5150364b9dc4542ba0dbbc85","txHash":"0x4f960250d5927a2c1efd17d94f292bbdddf97a1bebd2ebfd3396804ffbcb484e"}	[{"salt": "96", "amount0": "5558947", "amount1": "67894", "ordinal": 0, "tickLower": -36200, "tickUpper": -35800, "liquidityDelta": "44692300830"}]
{"poolManager":"0x06380c0e0912312b5150364b9dc4542ba0dbbc85","txHash":"0xe602a50b87d1881d7f19c04eb565fbf22cac0bbbaa93f2ec6724ba20aeaffdaa"}	[{"salt": "117", "amount0": "402068882166245", "amount1": "9700", "ordinal": 0, "tickLower": -244530, "tickUpper": -243180, "liquidityDelta": "-270370127203148"}]
{"poolManager":"0x06380c0e0912312b5150364b9dc4542ba0dbbc85","txHash":"0xb5d1719261ca44cd445b5cdfd7b724338635fb46d88b7d826652ae79d5d1c963"}	[{"salt": "119", "amount0": "0", "amount1": "0", "ordinal": 0, "tickLower": 214200, "tickUpper": 220000, "liquidityDelta": "-411972823401944"}]
{"poolManager":"0x06380c0e0912312b5150364b9dc4542ba0dbbc85","txHash":"0x86b68e23a4f671a1b19f3535bb3d56c37718115bb4cb7ec550916b31c4bb3255"}	[{"salt": "107", "amount0": "8529066870810144", "amount1": "146883", "ordinal": 0, "tickLower": -244740, "tickUpper": -242940, "liquidityDelta": "0"}]
{"poolManager":"0x06380c0e0912312b5150364b9dc4542ba0dbbc85","txHash":"0x627217a258f0da883bae587244c6ae7039ec42ed90c01adb14e0ecf40a250c8c"}	[{"salt": "107", "amount0": "0", "amount1": "0", "ordinal": 0, "tickLower": -244740, "tickUpper": -242940, "liquidityDelta": "22544419173194"}]
{"poolManager":"0x06380c0e0912312b5150364b9dc4542ba0dbbc85","txHash":"0x06c1bf07f979ffc95bfb0e9836c73bf3e43cb6be24024190c33812b948add38e"}	[{"salt": "107", "amount0": "0", "amount1": "0", "ordinal": 0, "tickLower": -244740, "tickUpper": -242940, "liquidityDelta": "250128124268302"}]
{"poolManager":"0x06380c0e0912312b5150364b9dc4542ba0dbbc85","txHash":"0xa856e0621b9918ac9e0dcf2d94599788852ff34987b9940096f6ecd20f0f84d0"}	[{"salt": "107", "amount0": "0", "amount1": "0", "ordinal": 0, "tickLower": -244740, "tickUpper": -242940, "liquidityDelta": "1070859910726759"}]
{"poolManager":"0x06380c0e0912312b5150364b9dc4542ba0dbbc85","txHash":"0x94b08729f0761438aac3de62a577643d0c6cc37bb43a9fff1d481c71338bd821"}	[{"salt": "107", "amount0": "0", "amount1": "0", "ordinal": 0, "tickLower": -244740, "tickUpper": -242940, "liquidityDelta": "45785241710715"}]
{"poolManager":"0x06380c0e0912312b5150364b9dc4542ba0dbbc85","txHash":"0xf3ab14f48cd79603fe904c1cb7933928d8c2009b0af444ccf5899837e75461ae"}	[{"salt": "115", "amount0": "719149408923129", "amount1": "6985870947458607012", "ordinal": 0, "tickLower": -887200, "tickUpper": 887200, "liquidityDelta": "-7581835360928778898"}]
{"poolManager":"0x06380c0e0912312b5150364b9dc4542ba0dbbc85","txHash":"0xe5393272d7dce4dfc601c1c032ef60c9fb064e095fb098da6d6eaa3bc358cfb3"}	[{"salt": "115", "amount0": "0", "amount1": "0", "ordinal": 0, "tickLower": -887200, "tickUpper": 887200, "liquidityDelta": "-2527278453642926300"}]
{"poolManager":"0x06380c0e0912312b5150364b9dc4542ba0dbbc85","txHash":"0x867c4f9981c1eeb9b1e9cd10c09799b517e1ed7e1a3781c4687f4ed3ebd0682a"}	[{"salt": "104", "amount0": "0", "amount1": "12703", "ordinal": 0, "tickLower": -887200, "tickUpper": 887200, "liquidityDelta": "-4403147253"}]
{"poolManager":"0x06380c0e0912312b5150364b9dc4542ba0dbbc85","txHash":"0xbdb0da96d928ac98fb9fa944339db4b10e925f71395bb82b2b4f62385065749a"}	[{"salt": "122", "amount0": "134376262006579", "amount1": "10656", "ordinal": 0, "tickLower": -244620, "tickUpper": -237610, "liquidityDelta": "0"}]
{"poolManager":"0x06380c0e0912312b5150364b9dc4542ba0dbbc85","txHash":"0x121f2a22a750d6d3a966e7636ebeb6a8ed53efef1257ab2d48a58dcd6327e07d"}	[{"salt": "122", "amount0": "0", "amount1": "0", "ordinal": 0, "tickLower": -244620, "tickUpper": -237610, "liquidityDelta": "-1029944433381522"}]
{"poolManager":"0x06380c0e0912312b5150364b9dc4542ba0dbbc85","txHash":"0x2f2d401f5471b91acc19d133c17d752d35bc96f0e267e3f1dcf428236a9a4bfc"}	[{"salt": "43", "amount0": "8357440033788701957877", "amount1": "1387814578394655943", "ordinal": 0, "tickLower": -100800, "tickUpper": -54800, "liquidityDelta": "-2165406581724290745020"}]
{"poolManager":"0x06380c0e0912312b5150364b9dc4542ba0dbbc85","txHash":"0x19adff7b3a720b3dc32821d142fa6744a53540aca0dcdf75b54a9d1d399f5aaa"}	[{"salt": "121", "amount0": "1780157878996777", "amount1": "21022638623945076144", "ordinal": 0, "tickLower": 92120, "tickUpper": 93240, "liquidityDelta": "-69020805930492306084"}]
{"poolManager":"0x06380c0e0912312b5150364b9dc4542ba0dbbc85","txHash":"0x5e3500b7885574f75853fb02c3d2cf38f37f51a3a96e1947dacee2dacc3e9c7b"}	[{"salt": "120", "amount0": "0", "amount1": "0", "ordinal": 0, "tickLower": -71400, "tickUpper": 887200, "liquidityDelta": "-12839240585350965402"}]
{"poolManager":"0x06380c0e0912312b5150364b9dc4542ba0dbbc85","txHash":"0x8b7102ffad88ae0d93f134fb1ba6d5826b3f7dafcdd9000aead5501b0383d6a2"}	[{"salt": "127", "amount0": "0", "amount1": "0", "ordinal": 0, "tickLower": -88050, "tickUpper": 0, "liquidityDelta": "3749969616106694"}]
{"poolManager":"0x06380c0e0912312b5150364b9dc4542ba0dbbc85","txHash":"0x1c513e3dda56f78339722e115d71ed05afd20af9db2b4d74408565fcb98da356"}	[{"salt": "132", "amount0": "0", "amount1": "0", "ordinal": 0, "tickLower": 68700, "tickUpper": 69300, "liquidityDelta": "9587092"}]
{"poolManager":"0x06380c0e0912312b5150364b9dc4542ba0dbbc85","txHash":"0x1fa477255c181c0f616b9e96823fa84ce1abd81f5be32da7ec5f792de43881c1"}	[{"salt": "133", "amount0": "0", "amount1": "0", "ordinal": 0, "tickLower": 229400, "tickUpper": 236400, "liquidityDelta": "-872854933442911284"}]
{"poolManager":"0x06380c0e0912312b5150364b9dc4542ba0dbbc85","txHash":"0x73821bf6c90246e9b63d3013dc3cfd8edd068feb0385eafb0a86dca73a49e896"}	[{"salt": "134", "amount0": "0", "amount1": "2240576268628254916", "ordinal": 0, "tickLower": -887200, "tickUpper": 887200, "liquidityDelta": "-67403251860787"}]
{"poolManager":"0x06380c0e0912312b5150364b9dc4542ba0dbbc85","txHash":"0x3921cb811599d64503a490b3df14c2d6d3f8c96639fe0a04fb902aeb95a7cc13"}	[{"salt": "135", "amount0": "0", "amount1": "0", "ordinal": 0, "tickLower": -244950, "tickUpper": -243000, "liquidityDelta": "108255847012571"}]
{"poolManager":"0x06380c0e0912312b5150364b9dc4542ba0dbbc85","txHash":"0x45172a05c4b999ae4f0f397c845d209b93ebde991bd567464c6620a683ca1825"}	[{"salt": "135", "amount0": "0", "amount1": "0", "ordinal": 0, "tickLower": -244950, "tickUpper": -243000, "liquidityDelta": "-209429535809367"}]
{"poolManager":"0x06380c0e0912312b5150364b9dc4542ba0dbbc85","txHash":"0x878191ac1c90a72aacdd31e1930bd20177fa6e5f0b95c31dc46b8946c574acdb"}	[{"salt": "132", "amount0": "0", "amount1": "4370", "ordinal": 0, "tickLower": 68700, "tickUpper": 69300, "liquidityDelta": "7556322"}]
{"poolManager":"0x06380c0e0912312b5150364b9dc4542ba0dbbc85","txHash":"0xc308c5a07d624dffb45a29e3d528ebfe6444f6ac4663db6db9d1c7f32d318f59"}	[{"salt": "132", "amount0": "0", "amount1": "0", "ordinal": 0, "tickLower": 68700, "tickUpper": 69300, "liquidityDelta": "-26290559"}]
{"poolManager":"0x06380c0e0912312b5150364b9dc4542ba0dbbc85","txHash":"0x1edd67446bc305ef50e8006dd7e8555ddef8806147747b06552146da394b989c"}	[{"salt": "138", "amount0": "0", "amount1": "0", "ordinal": 0, "tickLower": -887220, "tickUpper": 887220, "liquidityDelta": "79452407455"}]
{"poolManager":"0x06380c0e0912312b5150364b9dc4542ba0dbbc85","txHash":"0x9d25da782ce1bac1555c6521944f0e7012d560afa09166046086dcc9fe06bb47"}	[{"salt": "121", "amount0": "478679426454677", "amount1": "3682857082835384114", "ordinal": 0, "tickLower": 92120, "tickUpper": 93240, "liquidityDelta": "-21856588544655896927"}]
{"poolManager":"0x06380c0e0912312b5150364b9dc4542ba0dbbc85","txHash":"0x006b1382dc78d4524931ed940f0755f571915562884e03d58a0e8b8b98a69346"}	[{"salt": "136", "amount0": "1369214721252991", "amount1": "0", "ordinal": 0, "tickLower": -29400, "tickUpper": -24800, "liquidityDelta": "375010757175596841"}]
{"poolManager":"0x06380c0e0912312b5150364b9dc4542ba0dbbc85","txHash":"0x2e5be7ac41af04c35e3ef82c3969c233a85fe8256cf48b0a1da495a089aee999"}	[{"salt": "136", "amount0": "0", "amount1": "0", "ordinal": 0, "tickLower": -29400, "tickUpper": -24800, "liquidityDelta": "830257117228752893"}]
{"poolManager":"0x06380c0e0912312b5150364b9dc4542ba0dbbc85","txHash":"0xfd3ea9020b9bcf86a0bbc8dc49fbc617ddad1f5c0015244bc76ec6d64404ee5a"}	[{"salt": "140", "amount0": "236523291868778", "amount1": "0", "ordinal": 0, "tickLower": 92400, "tickUpper": 93600, "liquidityDelta": "-61087592154914095865"}]
{"poolManager":"0x06380c0e0912312b5150364b9dc4542ba0dbbc85","txHash":"0x3124e69e2df5227b2b82464d932531184d1f4422fd7338a21d7c9f0a5c56f392"}	[{"salt": "43", "amount0": "344418211923340302127", "amount1": "52947046534605031", "ordinal": 0, "tickLower": -100800, "tickUpper": -54800, "liquidityDelta": "-2165406581724290745020"}]
{"poolManager":"0x06380c0e0912312b5150364b9dc4542ba0dbbc85","txHash":"0x2dee09b2ef8378a131ae2201f23a7cdb4d51eb7039ec32413a0b716942c90598"}	[{"salt": "93", "amount0": "0", "amount1": "0", "ordinal": 0, "tickLower": -243420, "tickUpper": -242640, "liquidityDelta": "-5764526007857000"}]
{"poolManager":"0x06380c0e0912312b5150364b9dc4542ba0dbbc85","txHash":"0xcce29416d27152ceb0cc140833b0f527d2f035846c9852c10eb764e9f7665542"}	[{"salt": "94", "amount0": "0", "amount1": "0", "ordinal": 0, "tickLower": -243420, "tickUpper": -242640, "liquidityDelta": "-26621136558023516"}]
{"poolManager":"0x06380c0e0912312b5150364b9dc4542ba0dbbc85","txHash":"0x934c8e369f0c413f9a796c9ebdfd956c98aa99730011ca33bc9fcbbfc0c0a0a6"}	[{"salt": "95", "amount0": "0", "amount1": "0", "ordinal": 0, "tickLower": -243420, "tickUpper": -242640, "liquidityDelta": "-6929624096401541"}]
{"poolManager":"0x06380c0e0912312b5150364b9dc4542ba0dbbc85","txHash":"0xffaaba09bfa19e467feeb31ea00a1d99955afafc6a1f37c37df6a14fef2c4989"}	[{"salt": "142", "amount0": "0", "amount1": "0", "ordinal": 0, "tickLower": -246360, "tickUpper": -240780, "liquidityDelta": "-5855879199076"}]
{"poolManager":"0x06380c0e0912312b5150364b9dc4542ba0dbbc85","txHash":"0xb4644823985a6a385fd57d267336531c8d94104dda260ecb3246040393b731a5"}	[{"salt": "146", "amount0": "0", "amount1": "0", "ordinal": 0, "tickLower": 20160, "tickUpper": 22020, "liquidityDelta": "-68906385867005562609"}]
{"poolManager":"0x06380c0e0912312b5150364b9dc4542ba0dbbc85","txHash":"0xf60bdbc3b57fead6216920a4c63bfcb75c80a80db0cc1dd34abc7cc888620b2f"}	[{"salt": "55", "amount0": "36856661924610301", "amount1": "888769", "ordinal": 0, "tickLower": -244050, "tickUpper": -239690, "liquidityDelta": "0"}]
{"poolManager":"0x06380c0e0912312b5150364b9dc4542ba0dbbc85","txHash":"0xffb2f5f98abe01e86db67ecf8ac7597af98084d84dfbc5280bd22977af112e04"}	[{"salt": "136", "amount0": "3377303709738438", "amount1": "368814356271032", "ordinal": 0, "tickLower": -29400, "tickUpper": -24800, "liquidityDelta": "0"}]
{"poolManager":"0x06380c0e0912312b5150364b9dc4542ba0dbbc85","txHash":"0x85c9460f94e073e3382419b473c7f81db0176758137c63dc999f0d50e8f25aa9"}	[{"salt": "136", "amount0": "0", "amount1": "0", "ordinal": 0, "tickLower": -29400, "tickUpper": -24800, "liquidityDelta": "-1606023653210053395"}]
{"poolManager":"0x06380c0e0912312b5150364b9dc4542ba0dbbc85","txHash":"0xa378ecdc95c83415bc30c840771edc3bfbc65d337cc4c3fbafde3732aff55979"}	[{"salt": "127", "amount0": "24910358802488", "amount1": "265024559563", "ordinal": 0, "tickLower": -88050, "tickUpper": 0, "liquidityDelta": "-220571728400192854"}]
{"poolManager":"0x06380c0e0912312b5150364b9dc4542ba0dbbc85","txHash":"0xdc81d85e0f6efdf89148dd9dd5aab7f776bc5943724b61a6fb8f5724345112bb"}	[{"salt": "107", "amount0": "122597334642956817", "amount1": "3257008", "ordinal": 0, "tickLower": -244740, "tickUpper": -242940, "liquidityDelta": "0"}]
{"poolManager":"0x06380c0e0912312b5150364b9dc4542ba0dbbc85","txHash":"0xe26059b5237ead0efae84d3f47bf6863b65028c9d1483a8c888e950effeea6a5"}	[{"salt": "107", "amount0": "0", "amount1": "0", "ordinal": 0, "tickLower": -244740, "tickUpper": -242940, "liquidityDelta": "77124182598950"}]
{"poolManager":"0x06380c0e0912312b5150364b9dc4542ba0dbbc85","txHash":"0x94403b8974a4c1249356ce43deaa43f5c7e88e86cf1740288cfa17acc8a3c385"}	[{"salt": "124", "amount0": "2168", "amount1": "459286803679263892", "ordinal": 0, "tickLower": 319800, "tickUpper": 324600, "liquidityDelta": "-32934215481278"}]
{"poolManager":"0x06380c0e0912312b5150364b9dc4542ba0dbbc85","txHash":"0x0b3827f21cba553f8322e7560e3a73b138f6446026267b596307d49bcf85ffe4"}	[{"salt": "116", "amount0": "195604342999523", "amount1": "7", "ordinal": 0, "tickLower": -887220, "tickUpper": 887220, "liquidityDelta": "37281687103"}]
{"poolManager":"0x06380c0e0912312b5150364b9dc4542ba0dbbc85","txHash":"0x3a557ae8e59d054599483ce36742acfe7f428a734816c18df18f19afc510d82f"}	[{"salt": "106", "amount0": "7149016449508180", "amount1": "174470", "ordinal": 0, "tickLower": -244970, "tickUpper": -242310, "liquidityDelta": "0"}]
{"poolManager":"0x06380c0e0912312b5150364b9dc4542ba0dbbc85","txHash":"0x9543a9df36fe099b500f458214dae75b218f01e53006f8b0ea94815c3774e67d"}	[{"salt": "106", "amount0": "0", "amount1": "0", "ordinal": 0, "tickLower": -244970, "tickUpper": -242310, "liquidityDelta": "-82591867306587"}]
{"poolManager":"0x06380c0e0912312b5150364b9dc4542ba0dbbc85","txHash":"0x232dedba8fec0a217d739b1428775058dc81eeb9ac15f09286dc09511df4001a"}	[{"salt": "125", "amount0": "0", "amount1": "73994975196762416358", "ordinal": 0, "tickLower": -886000, "tickUpper": 886000, "liquidityDelta": "-162985751445750"}]
{"poolManager":"0x06380c0e0912312b5150364b9dc4542ba0dbbc85","txHash":"0xf514f3f9daa3253d66888a1ab53dcea296d5c4ac11c85150e51dd0e00bffdca7"}	[{"salt": "25", "amount0": "10164890182928429", "amount1": "253575", "ordinal": 0, "tickLower": -245410, "tickUpper": -239430, "liquidityDelta": "0"}]
{"poolManager":"0x06380c0e0912312b5150364b9dc4542ba0dbbc85","txHash":"0x1c20613735b4c5db23b04e4774dd2ce393d4b3c7a22db87d7f9f76491f8b7448"}	[{"salt": "147", "amount0": "2800852586399098", "amount1": "0", "ordinal": 0, "tickLower": -887220, "tickUpper": 887220, "liquidityDelta": "-3836923365791769649"}]
{"poolManager":"0x06380c0e0912312b5150364b9dc4542ba0dbbc85","txHash":"0x6cdb28c1bee270112b921a3f059f390560fd83636e37b4376952d35dfe108934"}	[{"salt": "144", "amount0": "0", "amount1": "0", "ordinal": 0, "tickLower": 0, "tickUpper": 5600, "liquidityDelta": "-1457440934492750222"}]
{"poolManager":"0x06380c0e0912312b5150364b9dc4542ba0dbbc85","txHash":"0x922cff9a5f3b12699d71e11fba05b07e272997a12b5b9eeff2f9cc41edd6b69a"}	[{"salt": "85", "amount0": "83771222070", "amount1": "2", "ordinal": 0, "tickLower": -887220, "tickUpper": 887220, "liquidityDelta": "0"}]
{"poolManager":"0x06380c0e0912312b5150364b9dc4542ba0dbbc85","txHash":"0xe6446cda55caa3320feb815617f5f1ade7271503b1c64a5aa652a5c4809810d5"}	[{"salt": "150", "amount0": "40824638124061", "amount1": "682", "ordinal": 0, "tickLower": -887270, "tickUpper": 887270, "liquidityDelta": "-5123346477188"}]
{"poolManager":"0x06380c0e0912312b5150364b9dc4542ba0dbbc85","txHash":"0x5e86c35add58858bddc061611ff22e67074d7a700e53e85ff7785309d5e8c20a"}	[{"salt": "155", "amount0": "0", "amount1": "0", "ordinal": 0, "tickLower": -887220, "tickUpper": 887220, "liquidityDelta": "-1008534751"}]
{"poolManager":"0x06380c0e0912312b5150364b9dc4542ba0dbbc85","txHash":"0x2a9d5ded8378c225274b2ee450660d200c93d2a11287c31e43705598b1951145"}	[{"salt": "155", "amount0": "0", "amount1": "0", "ordinal": 0, "tickLower": -887220, "tickUpper": 887220, "liquidityDelta": "49418202"}]
{"poolManager":"0x06380c0e0912312b5150364b9dc4542ba0dbbc85","txHash":"0x2f90e85530e73beb4a17731e7186c67c63acb671245c5638ff767cad74a24f62"}	[{"salt": "158", "amount0": "0", "amount1": "0", "ordinal": 0, "tickLower": -198900, "tickUpper": -196260, "liquidityDelta": "-1324944287392"}]
{"poolManager":"0x06380c0e0912312b5150364b9dc4542ba0dbbc85","txHash":"0xb6f7b7f54092f954aea729d516af7cb6023cebd0bd270c269ee778525386059e"}	[{"salt": "142", "amount0": "106325966240038", "amount1": "1187", "ordinal": 0, "tickLower": -246360, "tickUpper": -240780, "liquidityDelta": "-1951959733026"}]
{"poolManager":"0x06380c0e0912312b5150364b9dc4542ba0dbbc85","txHash":"0x15cef36a5d989d8b80b9263ea5e718b18daff1643e8eed693fd54bedc68150a2"}	[{"salt": "159", "amount0": "732431311206911", "amount1": "15590", "ordinal": 0, "tickLower": -245410, "tickUpper": -241450, "liquidityDelta": "-3845354026576949"}]
{"poolManager":"0x06380c0e0912312b5150364b9dc4542ba0dbbc85","txHash":"0x283901105bd7a3cfe6227b0283ff38786c1002fbb1fb1c135b63fefa966f8b13"}	[{"salt": "137", "amount0": "262354965774593714", "amount1": "6708203", "ordinal": 0, "tickLower": -244140, "tickUpper": -236100, "liquidityDelta": "-4223915433952241"}]
{"poolManager":"0x06380c0e0912312b5150364b9dc4542ba0dbbc85","txHash":"0x1af7c630ecee65936bdc0c37a1816a09f82aee954c01fb3c387e586820e391fc"}	[{"salt": "160", "amount0": "0", "amount1": "0", "ordinal": 0, "tickLower": -244920, "tickUpper": -236100, "liquidityDelta": "-3774386529188285"}]
{"poolManager":"0x06380c0e0912312b5150364b9dc4542ba0dbbc85","txHash":"0x920a7f2b36287c6e4b9cadbb80023ba9da5b569dab971c0f0373cf93d4e7d36c"}	[{"salt": "162", "amount0": "0", "amount1": "0", "ordinal": 0, "tickLower": -48286, "tickUpper": -44429, "liquidityDelta": "16253886705695404633"}]
{"poolManager":"0x06380c0e0912312b5150364b9dc4542ba0dbbc85","txHash":"0xb940ee6a70a57a8241bac4bc6a5d4a23d1f4ba3a814c116678a077de900de8dc"}	[{"salt": "162", "amount0": "0", "amount1": "0", "ordinal": 0, "tickLower": -48286, "tickUpper": -44429, "liquidityDelta": "9719224303171050881"}]
{"poolManager":"0x06380c0e0912312b5150364b9dc4542ba0dbbc85","txHash":"0x048add739cdab6d0688a1227f1d23c38ca249cfbebfa1967935d5a953bb6e631"}	[{"salt": "66", "amount0": "127975192973017957", "amount1": "3253985", "ordinal": 0, "tickLower": -244340, "tickUpper": -223340, "liquidityDelta": "-669112562571146"}]
{"poolManager":"0x06380c0e0912312b5150364b9dc4542ba0dbbc85","txHash":"0x02cff4ab61599e57245491c28402e98f69dbf4c41c488e3b101c2248b9346d19"}	[{"salt": "165", "amount0": "2383117504343068", "amount1": "0", "ordinal": 0, "tickLower": 4740, "tickUpper": 4800, "liquidityDelta": "-5608615096420929824216"}]
{"poolManager":"0x06380c0e0912312b5150364b9dc4542ba0dbbc85","txHash":"0xbf68bd2516c79c1fe21fc6873663431a2409c61b8382612ff16a010631fa43f9"}	[{"salt": "162", "amount0": "4384808008288404", "amount1": "36110460605812", "ordinal": 0, "tickLower": -48286, "tickUpper": -44429, "liquidityDelta": "0"}]
{"poolManager":"0x06380c0e0912312b5150364b9dc4542ba0dbbc85","txHash":"0x7b02766afd318e9e1fee33fda3911f46358096b724a9f35cfc9b852feb7dcb9b"}	[{"salt": "55", "amount0": "12326392554426178", "amount1": "316466", "ordinal": 0, "tickLower": -244050, "tickUpper": -239690, "liquidityDelta": "-1166378055864931"}]
{"poolManager":"0x06380c0e0912312b5150364b9dc4542ba0dbbc85","txHash":"0x334de41744fb31a9970d91374e070d69a8ccda983c541b9b5a18e9d7a65030c6"}	[{"salt": "166", "amount0": "0", "amount1": "0", "ordinal": 0, "tickLower": -245410, "tickUpper": -239690, "liquidityDelta": "858114189254507"}]
{"poolManager":"0x06380c0e0912312b5150364b9dc4542ba0dbbc85","txHash":"0x74e3d377829180a2c454cd3d19a3eefa5a887e8aafefac9de10232edec79ecf2"}	[{"salt": "141", "amount0": "2824339202526508", "amount1": "30743104399091052330", "ordinal": 0, "tickLower": 92000, "tickUpper": 92800, "liquidityDelta": "-76452395993924608063"}]
{"poolManager":"0x06380c0e0912312b5150364b9dc4542ba0dbbc85","txHash":"0x54e0f36164b9fdcbfd4ff8a1ecade0342be80d7f7ca80af37421a7353a4b155e"}	[{"salt": "96", "amount0": "68106236", "amount1": "1570700", "ordinal": 0, "tickLower": -36200, "tickUpper": -35800, "liquidityDelta": "0"}]
{"poolManager":"0x06380c0e0912312b5150364b9dc4542ba0dbbc85","txHash":"0xd10634f45bd063a75ce8b2e3ec57868221777fda483d7801711955a180d5d2f8"}	[{"salt": "96", "amount0": "0", "amount1": "0", "ordinal": 0, "tickLower": -36200, "tickUpper": -35800, "liquidityDelta": "6977077756"}]
{"poolManager":"0x06380c0e0912312b5150364b9dc4542ba0dbbc85","txHash":"0xd8833fef4a6c6619133b08b55af5e355912d9559943c068393980a487bc40ea1"}	[{"salt": "167", "amount0": "9204644136010089", "amount1": "204089", "ordinal": 0, "tickLower": -251470, "tickUpper": -241980, "liquidityDelta": "-91703087957540629"}]
{"poolManager":"0x06380c0e0912312b5150364b9dc4542ba0dbbc85","txHash":"0x98d108e1e8a2c6caaeebe49d79ebc3406466c8b3df063f22cf1de42dae960ec9"}	[{"salt": "168", "amount0": "0", "amount1": "0", "ordinal": 0, "tickLower": 91800, "tickUpper": 93000, "liquidityDelta": "-18079585368045676768"}]
{"poolManager":"0x06380c0e0912312b5150364b9dc4542ba0dbbc85","txHash":"0x6864edded98636356b9d1f265212db450dda977eed9ea70d9d4b46c271b3b2fa"}	[{"salt": "164", "amount0": "1452449285581071", "amount1": "33146", "ordinal": 0, "tickLower": -247260, "tickUpper": -243360, "liquidityDelta": "-45899105203633"}]
{"poolManager":"0x06380c0e0912312b5150364b9dc4542ba0dbbc85","txHash":"0xc3a080afa4c2bf44e8dd567eafe7dc7e1f12cef7d02aa57d7b34f0c53605de03"}	[{"salt": "31", "amount0": "22360102680290173", "amount1": "557222", "ordinal": 0, "tickLower": -244540, "tickUpper": -243030, "liquidityDelta": "-68036121290444"}]
{"poolManager":"0x06380c0e0912312b5150364b9dc4542ba0dbbc85","txHash":"0x7943ae88b848d393c50ce29e85642f67cf58fc6ac6d15060404c29ab2413200f"}	[{"salt": "107", "amount0": "117614980624028995", "amount1": "2688979", "ordinal": 0, "tickLower": -244740, "tickUpper": -242940, "liquidityDelta": "0"}]
{"poolManager":"0x06380c0e0912312b5150364b9dc4542ba0dbbc85","txHash":"0x155a5533b7b55b3be20fac2907cc65ce3de8d7f93ac0e47813cf46f58c98da5c"}	[{"salt": "107", "amount0": "0", "amount1": "0", "ordinal": 0, "tickLower": -244740, "tickUpper": -242940, "liquidityDelta": "0"}]
{"poolManager":"0x06380c0e0912312b5150364b9dc4542ba0dbbc85","txHash":"0x8c0f250bd32b872bab514931ac06fedca6240f3b61b2d95de8a71d093717e423"}	[{"salt": "107", "amount0": "0", "amount1": "0", "ordinal": 0, "tickLower": -244740, "tickUpper": -242940, "liquidityDelta": "47482283130192"}]
{"poolManager":"0x06380c0e0912312b5150364b9dc4542ba0dbbc85","txHash":"0x9f6e732c49f5a8cbe09180772a5212cb120bb481df3ae63b321c26e15f6a0d64"}	[{"salt": "162", "amount0": "4387150218310298", "amount1": "45851094416575", "ordinal": 0, "tickLower": -48286, "tickUpper": -44429, "liquidityDelta": "0"}]
{"poolManager":"0x06380c0e0912312b5150364b9dc4542ba0dbbc85","txHash":"0x07832e381c7b0881de92b39126dadb3efa753a8a86c56b0f09f58ba92dccd85c"}	[{"salt": "110", "amount0": "1961423649350987", "amount1": "44157", "ordinal": 0, "tickLower": -887270, "tickUpper": 887270, "liquidityDelta": "0"}]
{"poolManager":"0x06380c0e0912312b5150364b9dc4542ba0dbbc85","txHash":"0x3245dbc877993f8711f212d60e16806482f9e2d04b1a6070c15b06ca8c76dbf6"}	[{"salt": "110", "amount0": "2157421726401", "amount1": "25", "ordinal": 0, "tickLower": -887270, "tickUpper": 887270, "liquidityDelta": "71055725301"}]
{"poolManager":"0x06380c0e0912312b5150364b9dc4542ba0dbbc85","txHash":"0x2b1dc28d5b4acd80ff53782a23888fb18782053c114093b945096ae57d45727f"}	[{"salt": "96", "amount0": "14296319", "amount1": "292126", "ordinal": 0, "tickLower": -36200, "tickUpper": -35800, "liquidityDelta": "27964484931"}]
{"poolManager":"0x06380c0e0912312b5150364b9dc4542ba0dbbc85","txHash":"0x8b89a0ff71fb8d7b1bba3198224b1c10cd6bbef281483a5749a8ba611e3d68a4"}	[{"salt": "152", "amount0": "0", "amount1": "0", "ordinal": 0, "tickLower": -243780, "tickUpper": -242820, "liquidityDelta": "-760166276261818"}]
{"poolManager":"0x06380c0e0912312b5150364b9dc4542ba0dbbc85","txHash":"0x91532760aef56ed3ef4ce246ec722dc25b49606def24320fc092115deca5022e"}	[{"salt": "162", "amount0": "4615561375517923", "amount1": "56976774794491", "ordinal": 0, "tickLower": -48286, "tickUpper": -44429, "liquidityDelta": "0"}]
{"poolManager":"0x06380c0e0912312b5150364b9dc4542ba0dbbc85","txHash":"0x74614a74de41fbb0597096bad1475826e835f8e42db5f2cae38e6e1362123f25"}	[{"salt": "121", "amount0": "0", "amount1": "0", "ordinal": 0, "tickLower": 92120, "tickUpper": 93240, "liquidityDelta": "-1150346765508205102"}]
{"poolManager":"0x06380c0e0912312b5150364b9dc4542ba0dbbc85","txHash":"0xbe21d003c8be7ae7422f5939673e3dfb6519b8d4e85b0845258cdb53c9d5acdb"}	[{"salt": "169", "amount0": "299999999999999", "amount1": "0", "ordinal": 0, "tickLower": -887220, "tickUpper": 887220, "liquidityDelta": "1676282613428505129773"}]
{"poolManager":"0x06380c0e0912312b5150364b9dc4542ba0dbbc85","txHash":"0xba7083228ee58ad03fbe7d583164793c4de5aa724c35495014f41c25329aa713"}	[{"salt": "169", "amount0": "0", "amount1": "0", "ordinal": 0, "tickLower": -887220, "tickUpper": 887220, "liquidityDelta": "3352565226857010259547"}]
{"poolManager":"0x06380c0e0912312b5150364b9dc4542ba0dbbc85","txHash":"0x69a16d0c321c13f3d9c59bf18b44bd926c9af50846f1828c000b15b673381c6f"}	[{"salt": "169", "amount0": "59999999999999", "amount1": "0", "ordinal": 0, "tickLower": -887220, "tickUpper": 887220, "liquidityDelta": "0"}]
{"poolManager":"0x06380c0e0912312b5150364b9dc4542ba0dbbc85","txHash":"0xb4fa8d5d55811cf0aed1f3b6c20ac6a8c2e2c616d2f5ac1f84f435bb22068fbb"}	[{"salt": "169", "amount0": "0", "amount1": "0", "ordinal": 0, "tickLower": -887220, "tickUpper": 887220, "liquidityDelta": "-56988580008728888896934"}]
{"poolManager":"0x06380c0e0912312b5150364b9dc4542ba0dbbc85","txHash":"0x094c9f2deef7409a26ad330a3ed0b4a229b3b76e7dbdd1b4b6a0b29dacfd0621"}	[{"salt": "171", "amount0": "3453", "amount1": "0", "ordinal": 0, "tickLower": 66360, "tickUpper": 68220, "liquidityDelta": "0"}]
{"poolManager":"0x06380c0e0912312b5150364b9dc4542ba0dbbc85","txHash":"0x1ff7d1d023cc42d61843d59dc94c7549298cbb284f1ec95ab00904edc7635fda"}	[{"salt": "173", "amount0": "117", "amount1": "78657", "ordinal": 0, "tickLower": 66336, "tickUpper": 68247, "liquidityDelta": "-868396748"}]
{"poolManager":"0x06380c0e0912312b5150364b9dc4542ba0dbbc85","txHash":"0x17e9d8aaed0902a58b603ae669137ea3c720f9c7841eb9cef36d53443ff08eff"}	[{"salt": "172", "amount0": "190", "amount1": "158562", "ordinal": 0, "tickLower": 66340, "tickUpper": 68250, "liquidityDelta": "-541831012"}]
{"poolManager":"0x06380c0e0912312b5150364b9dc4542ba0dbbc85","txHash":"0xe75837f2c3899525337f1022144651a92f7dcb2db443ebded3f0721cbc5ed118"}	[{"salt": "171", "amount0": "996", "amount1": "613983", "ordinal": 0, "tickLower": 66360, "tickUpper": 68220, "liquidityDelta": "1448105424"}]
{"poolManager":"0x06380c0e0912312b5150364b9dc4542ba0dbbc85","txHash":"0xdd1cb35f64bcae7713fdc3b3eaae240e0b7215e18c2d201fa8a524e343c21a36"}	[{"salt": "171", "amount0": "0", "amount1": "196641", "ordinal": 0, "tickLower": 66360, "tickUpper": 68220, "liquidityDelta": "-2280685243"}]
{"poolManager":"0x06380c0e0912312b5150364b9dc4542ba0dbbc85","txHash":"0x4866daa97f65d5e50a8c5700f81a95a2850d1fcd7b590e51b3f3f3b39ecd2fb9"}	[{"salt": "174", "amount0": "0", "amount1": "0", "ordinal": 0, "tickLower": -887270, "tickUpper": 887270, "liquidityDelta": "-1945845713947"}]
{"poolManager":"0x06380c0e0912312b5150364b9dc4542ba0dbbc85","txHash":"0x25cb50a5e6fc8a3c390aff272605e63cf026296d78c47b514d2797796ee7c371"}	[{"salt": "162", "amount0": "9440100019686560", "amount1": "90972021617991", "ordinal": 0, "tickLower": -48286, "tickUpper": -44429, "liquidityDelta": "0"}]
{"poolManager":"0x06380c0e0912312b5150364b9dc4542ba0dbbc85","txHash":"0xaeec2eaabba8f2e833919cd56799686c6bae9141a6bb4723c07a189ef2f4076b"}	[{"salt": "107", "amount0": "32405770883828200", "amount1": "787458", "ordinal": 0, "tickLower": -244740, "tickUpper": -242940, "liquidityDelta": "-1647161826553470"}]
{"poolManager":"0x06380c0e0912312b5150364b9dc4542ba0dbbc85","txHash":"0x0d3f387b1b8b7baeb487d8cb4075f560f6bc5c248b912599de83df3d58d190ab"}	[{"salt": "25", "amount0": "11521382921588966", "amount1": "242359", "ordinal": 0, "tickLower": -245410, "tickUpper": -239430, "liquidityDelta": "0"}]
{"poolManager":"0x06380c0e0912312b5150364b9dc4542ba0dbbc85","txHash":"0x5d783579d8108ee92549f1a357a0aecf8409a5418c15802874b386a07f4f91ae"}	[{"salt": "157", "amount0": "910372417", "amount1": "0", "ordinal": 0, "tickLower": -887220, "tickUpper": 887220, "liquidityDelta": "0"}]
{"poolManager":"0x06380c0e0912312b5150364b9dc4542ba0dbbc85","txHash":"0x88684cc33f9b753719effb337596a6171bdd171d9b8642b67bf8f57cace6b77b"}	[{"salt": "71", "amount0": "28414481316", "amount1": "0", "ordinal": 0, "tickLower": -887220, "tickUpper": 887220, "liquidityDelta": "-49511625"}]
{"poolManager":"0x06380c0e0912312b5150364b9dc4542ba0dbbc85","txHash":"0x545bf18e2c15b1a965c8e7cadbb48517bc83a1061d8e57ab6ffe7823255f7416"}	[{"salt": "176", "amount0": "0", "amount1": "0", "ordinal": 0, "tickLower": -247200, "tickUpper": -243720, "liquidityDelta": "0"}]
{"poolManager":"0x06380c0e0912312b5150364b9dc4542ba0dbbc85","txHash":"0xad021f6774dd6eea45463eed4ff6713ae55f0add6a9f31a9647c8b9fd72f889c"}	[{"salt": "176", "amount0": "0", "amount1": "0", "ordinal": 0, "tickLower": -247200, "tickUpper": -243720, "liquidityDelta": "0"}]
{"poolManager":"0x06380c0e0912312b5150364b9dc4542ba0dbbc85","txHash":"0x8cbf88e38d871ac557689a6687c94e169150ad9cc9f99195cc82802f85746a37"}	[{"salt": "176", "amount0": "0", "amount1": "0", "ordinal": 0, "tickLower": -247200, "tickUpper": -243720, "liquidityDelta": "6291553496"}]
{"poolManager":"0x06380c0e0912312b5150364b9dc4542ba0dbbc85","txHash":"0xee76faf55c380c583be5e6887885695a415926ce295559be4f99c0c66480002d"}	[{"salt": "170", "amount0": "228568849736135556", "amount1": "5276447", "ordinal": 0, "tickLower": -246380, "tickUpper": -244960, "liquidityDelta": "-3111895826721319"}]
{"poolManager":"0x06380c0e0912312b5150364b9dc4542ba0dbbc85","txHash":"0xb1e1357b9a498fcc5055eeac6d9b07126715c905631b17e956c29ed1d8dd409f"}	[{"salt": "182", "amount0": "0", "amount1": "0", "ordinal": 0, "tickLower": -5109, "tickUpper": -2232, "liquidityDelta": "-7839694665884044953"}]
{"poolManager":"0x06380c0e0912312b5150364b9dc4542ba0dbbc85","txHash":"0xcda3d3a1b98a34a074a39a20b57d5643897e3e9968d1d50481dcfd52c72bec9c"}	[{"salt": "79", "amount0": "10529380057710164", "amount1": "265348", "ordinal": 0, "tickLower": -244110, "tickUpper": -235380, "liquidityDelta": "0"}]
{"poolManager":"0x06380c0e0912312b5150364b9dc4542ba0dbbc85","txHash":"0x3996cc69002e7e1b75cbf6f7fe816e61e893433bd1a1dde9b591d136925bf038"}	[{"salt": "179", "amount0": "1050272135730606", "amount1": "28970", "ordinal": 0, "tickLower": -247810, "tickUpper": -242720, "liquidityDelta": "0"}]
{"poolManager":"0x06380c0e0912312b5150364b9dc4542ba0dbbc85","txHash":"0xdb0feccaafc48f131ccb88717a460b6cfdae04fcb6db76a793edeaaca459dd5a"}	[{"salt": "179", "amount0": "0", "amount1": "0", "ordinal": 0, "tickLower": -247810, "tickUpper": -242720, "liquidityDelta": "-33005541209701"}]
{"poolManager":"0x06380c0e0912312b5150364b9dc4542ba0dbbc85","txHash":"0x1ea988840231c6ad87a67257cdcf28a3af0560948b478ef2fdf52ea2c4b8b08f"}	[{"salt": "180", "amount0": "7269143700517337", "amount1": "178419", "ordinal": 0, "tickLower": -244500, "tickUpper": -240480, "liquidityDelta": "-223785943543940"}]
{"poolManager":"0x06380c0e0912312b5150364b9dc4542ba0dbbc85","txHash":"0xb8130d311400132a5088352f510e5c181a42f87ad811f859923786b599aeefe1"}	[{"salt": "79", "amount0": "4548786735036", "amount1": "114", "ordinal": 0, "tickLower": -244110, "tickUpper": -235380, "liquidityDelta": "-99079330158230"}]
{"poolManager":"0x06380c0e0912312b5150364b9dc4542ba0dbbc85","txHash":"0xfe388d7279a3fd14e506f16bd2dcff00974e7a29f0d87e4b879dd8c5c2da04cc"}	[{"salt": "112", "amount0": "48568109343358454", "amount1": "1094830", "ordinal": 0, "tickLower": -253300, "tickUpper": -231900, "liquidityDelta": "0"}]
{"poolManager":"0x06380c0e0912312b5150364b9dc4542ba0dbbc85","txHash":"0x27d781859293401f70dd7a9ac3d247c7fb47ce868d6db8a136ad2f376e4af3ee"}	[{"salt": "112", "amount0": "0", "amount1": "0", "ordinal": 0, "tickLower": -253300, "tickUpper": -231900, "liquidityDelta": "644222913500"}]
{"poolManager":"0x06380c0e0912312b5150364b9dc4542ba0dbbc85","txHash":"0x5d649053d7884859547474a36bdbbf53b5805719ef6cd3649b8dfd628e05fe8b"}	[{"salt": "162", "amount0": "9770916382435262", "amount1": "104247479451302", "ordinal": 0, "tickLower": -48286, "tickUpper": -44429, "liquidityDelta": "0"}]
{"poolManager":"0x06380c0e0912312b5150364b9dc4542ba0dbbc85","txHash":"0x2e9f61e9e702ee116f57cf0f19a333d4f3f95b63bca310a56972bf0545c900af"}	[{"salt": "154", "amount0": "15396707767886623", "amount1": "335764", "ordinal": 0, "tickLower": -246090, "tickUpper": -241100, "liquidityDelta": "-42596064874886"}]
{"poolManager":"0x06380c0e0912312b5150364b9dc4542ba0dbbc85","txHash":"0x2637cc4a0146d3471db991d34f9a875ac3d11945b79cec399a92f6a520cecca9"}	[{"salt": "96", "amount0": "262033992", "amount1": "6850122", "ordinal": 0, "tickLower": -36200, "tickUpper": -35800, "liquidityDelta": "0"}]
{"poolManager":"0x06380c0e0912312b5150364b9dc4542ba0dbbc85","txHash":"0x59e78431d8c72e223adab72120d7b0a113b997cc41845ecef5b7ded62928ab68"}	[{"salt": "96", "amount0": "0", "amount1": "0", "ordinal": 0, "tickLower": -36200, "tickUpper": -35800, "liquidityDelta": "13316704662"}]
{"poolManager":"0x06380c0e0912312b5150364b9dc4542ba0dbbc85","txHash":"0x0980ec28f5f9b565be2065876e55b3bb0695bc914d8dd4172229ad9bfc38a19e"}	[{"salt": "141", "amount0": "0", "amount1": "0", "ordinal": 0, "tickLower": 92000, "tickUpper": 92800, "liquidityDelta": "-4023810315469716214"}]
{"poolManager":"0x06380c0e0912312b5150364b9dc4542ba0dbbc85","txHash":"0x115c384775f7b3f522bccaa1fbbf1d3b3805dcd48d5f153861e699907149874a"}	[{"salt": "140", "amount0": "22368916581317", "amount1": "280057470763144229", "ordinal": 0, "tickLower": 92400, "tickUpper": 93600, "liquidityDelta": "-617046385403172686"}]
{"poolManager":"0x06380c0e0912312b5150364b9dc4542ba0dbbc85","txHash":"0x50d77dacf31cd637426b955981f9d03014ee3289fc50b0042b8d2c71a5519e0f"}	[{"salt": "185", "amount0": "0", "amount1": "0", "ordinal": 0, "tickLower": 68100, "tickUpper": 70020, "liquidityDelta": "-164473807"}]
{"poolManager":"0x06380c0e0912312b5150364b9dc4542ba0dbbc85","txHash":"0xe87a15084531c06bbb7cb1486414e5c42cd645eddaeceff932e80c941069ec22"}	[{"salt": "184", "amount0": "224950265712785", "amount1": "5348", "ordinal": 0, "tickLower": -244680, "tickUpper": -235380, "liquidityDelta": "-91587638731739"}]
{"poolManager":"0x06380c0e0912312b5150364b9dc4542ba0dbbc85","txHash":"0x0f18676cdc8cbab495b304f8c0e0afc02480c0dd3042e59164b9a921c30bbd0f"}	[{"salt": "57", "amount0": "24545711363771914", "amount1": "538639", "ordinal": 0, "tickLower": -245880, "tickUpper": -244410, "liquidityDelta": "-71542898930750"}]
{"poolManager":"0x06380c0e0912312b5150364b9dc4542ba0dbbc85","txHash":"0x7c996a0f44678b98967d1c719a62cc4cc382634fb25c6ad27de4fd2928937da2"}	[{"salt": "163", "amount0": "202265465690366111", "amount1": "4571414", "ordinal": 0, "tickLower": -245740, "tickUpper": -230270, "liquidityDelta": "-758326748308711"}]
{"poolManager":"0x06380c0e0912312b5150364b9dc4542ba0dbbc85","txHash":"0xa1b0cfec3c588d57db9d8fe4d49eb5919f325d0d38443430bb5dc0dc31d6dd07"}	[{"salt": "191", "amount0": "1401561634475065", "amount1": "133763628997957460", "ordinal": 0, "tickLower": -887220, "tickUpper": 887220, "liquidityDelta": "0"}]
{"poolManager":"0x06380c0e0912312b5150364b9dc4542ba0dbbc85","txHash":"0x6ba012e5108a51928f0bbc8a87da41ca004bbdb369f2ac42eb9343e7d6ca21fc"}	[{"salt": "191", "amount0": "82132492118431", "amount1": "60670405193799953", "ordinal": 0, "tickLower": -887220, "tickUpper": 887220, "liquidityDelta": "-19101239253736804899"}]
{"poolManager":"0x06380c0e0912312b5150364b9dc4542ba0dbbc85","txHash":"0x32d00d68d0b0d2dc9f7a4162b785625a549021419c0286104c854bff3b9d12ae"}	[{"salt": "38", "amount0": "1433851916266308", "amount1": "37354", "ordinal": 0, "tickLower": -243740, "tickUpper": -241060, "liquidityDelta": "-16829247869990"}]
{"poolManager":"0x06380c0e0912312b5150364b9dc4542ba0dbbc85","txHash":"0x0a1bded5379452ab1f918129cee9aa7bf5c3bb480186c0e6c0c4feafd1524018"}	[{"salt": "162", "amount0": "15411822885847867", "amount1": "134550536973093", "ordinal": 0, "tickLower": -48286, "tickUpper": -44429, "liquidityDelta": "0"}]
{"poolManager":"0x06380c0e0912312b5150364b9dc4542ba0dbbc85","txHash":"0x45499f4b1933489f43f1a85e68f160b96bcbb531c748203ea14cae9fd94d5f8b"}	[{"salt": "96", "amount0": "102533452", "amount1": "3214381", "ordinal": 0, "tickLower": -36200, "tickUpper": -35800, "liquidityDelta": "0"}]
{"poolManager":"0x06380c0e0912312b5150364b9dc4542ba0dbbc85","txHash":"0x2549f185793df5af47fc6d6f0cd5fe6bcb9fa60dc973e157aff7ada265864aab"}	[{"salt": "197", "amount0": "0", "amount1": "0", "ordinal": 0, "tickLower": -344000, "tickUpper": -332000, "liquidityDelta": "-9502366782449960"}]
{"poolManager":"0x06380c0e0912312b5150364b9dc4542ba0dbbc85","txHash":"0x8cf5d14c7ac3e8f76bb4f3e38512ddf9675f10dc685cc0839a5fdbb7b87d5dc2"}	[{"salt": "198", "amount0": "0", "amount1": "0", "ordinal": 0, "tickLower": -344000, "tickUpper": -320000, "liquidityDelta": "-4433902974535788"}]
{"poolManager":"0x06380c0e0912312b5150364b9dc4542ba0dbbc85","txHash":"0x62ef74ab2e73db79b224b65426ea8cee6d19e76431ccb6e338369dcd0b21e04b"}	[{"salt": "200", "amount0": "0", "amount1": "405820", "ordinal": 0, "tickLower": -250680, "tickUpper": -233160, "liquidityDelta": "302085046939974"}]
{"poolManager":"0x06380c0e0912312b5150364b9dc4542ba0dbbc85","txHash":"0x28dcfb3061d40bbafd701eaecffaf07bbe69dd9af42d9f92145408dd7ebc1b71"}	[{"salt": "200", "amount0": "0", "amount1": "0", "ordinal": 0, "tickLower": -250680, "tickUpper": -233160, "liquidityDelta": "84764945800078"}]
{"poolManager":"0x06380c0e0912312b5150364b9dc4542ba0dbbc85","txHash":"0x09f21b998d3a797cdbb952cb8eeb6a9bfd00456e425e9075941a29bb5d095b54"}	[{"salt": "200", "amount0": "0", "amount1": "0", "ordinal": 0, "tickLower": -250680, "tickUpper": -233160, "liquidityDelta": "198226451072905"}]
{"poolManager":"0x06380c0e0912312b5150364b9dc4542ba0dbbc85","txHash":"0x71634dc11f9718dc865ce398f2795252b884c9ca4a2fdeb18aee2cc9ee502257"}	[{"salt": "200", "amount0": "2359117964237783", "amount1": "0", "ordinal": 0, "tickLower": -250680, "tickUpper": -233160, "liquidityDelta": "19839145650361"}]
{"poolManager":"0x06380c0e0912312b5150364b9dc4542ba0dbbc85","txHash":"0x021653997a1fc752a128b4c568728a5d3ebab620e83c4c56815c52d7abbd5928"}	[{"salt": "194", "amount0": "0", "amount1": "597553503188385", "ordinal": 0, "tickLower": 20890, "tickUpper": 23040, "liquidityDelta": "-19444296457045673334"}]
{"poolManager":"0x06380c0e0912312b5150364b9dc4542ba0dbbc85","txHash":"0x0418197898a4190be239c0c3010f4daff2e866e1f1a6240413af9f6f8486a612"}	[{"salt": "199", "amount0": "1356685101596715698927", "amount1": "10663856", "ordinal": 0, "tickLower": -331200, "tickUpper": -320000, "liquidityDelta": "0"}]
{"poolManager":"0x06380c0e0912312b5150364b9dc4542ba0dbbc85","txHash":"0x6939d2c38807982633cf6ffe9ad5a5b788153f49801d5c3eabd06915008e1f1d"}	[{"salt": "199", "amount0": "540902014561101686861", "amount1": "0", "ordinal": 0, "tickLower": -331200, "tickUpper": -320000, "liquidityDelta": "-9008810138892917"}]
{"poolManager":"0x06380c0e0912312b5150364b9dc4542ba0dbbc85","txHash":"0xa8af2c402f769a0ba0d28f0442f66bacc87da598fee3336710c91f6d4e108682"}	[{"salt": "201", "amount0": "0", "amount1": "0", "ordinal": 0, "tickLower": -328800, "tickUpper": -322400, "liquidityDelta": "14585901328550350"}]
{"poolManager":"0x06380c0e0912312b5150364b9dc4542ba0dbbc85","txHash":"0xd4d02a357c583e9a5e3db17dd1cf053858e45939a1096b587446f2a9aa74903c"}	[{"salt": "201", "amount0": "0", "amount1": "0", "ordinal": 0, "tickLower": -328800, "tickUpper": -322400, "liquidityDelta": "-7472634829867875"}]
{"poolManager":"0x06380c0e0912312b5150364b9dc4542ba0dbbc85","txHash":"0xa7da76c105d12504468f3256e36f0939acb7856aaa5d6e349240495223ac416a"}	[{"salt": "202", "amount0": "121895649242298208806", "amount1": "0", "ordinal": 0, "tickLower": -343000, "tickUpper": -327600, "liquidityDelta": "1316685486369399"}]
{"poolManager":"0x06380c0e0912312b5150364b9dc4542ba0dbbc85","txHash":"0x3be7102fb18cbfc42c7ebf01c16ff271aa366c6fd2ee499c8a6c997939023c03"}	[{"salt": "201", "amount0": "0", "amount1": "0", "ordinal": 0, "tickLower": -328800, "tickUpper": -322400, "liquidityDelta": "3035783123573580"}]
{"poolManager":"0x06380c0e0912312b5150364b9dc4542ba0dbbc85","txHash":"0xf59fd414aa6b4d9673eab16f23baeeace68e5fb6180e53db06ea1d7141a20016"}	[{"salt": "202", "amount0": "0", "amount1": "0", "ordinal": 0, "tickLower": -343000, "tickUpper": -327600, "liquidityDelta": "-2468086009693530"}]
{"poolManager":"0x06380c0e0912312b5150364b9dc4542ba0dbbc85","txHash":"0xa7ba1911919e61b6dc2599e8f9ea90377fd88f6fa3ee40fdb25885e9d5ea9e0e"}	[{"salt": "201", "amount0": "0", "amount1": "0", "ordinal": 0, "tickLower": -328800, "tickUpper": -322400, "liquidityDelta": "4367879412613433"}]
{"poolManager":"0x06380c0e0912312b5150364b9dc4542ba0dbbc85","txHash":"0xef2b00aadc3c826cacf9cb350ecc73c545520b0c1ecead89933518beb8455a20"}	[{"salt": "200", "amount0": "86221197435366919", "amount1": "1444691", "ordinal": 0, "tickLower": -250680, "tickUpper": -233160, "liquidityDelta": "102390531410752"}]
{"poolManager":"0x06380c0e0912312b5150364b9dc4542ba0dbbc85","txHash":"0x554baf29393dcac211e444f502e477802a7677468be023f48bcea058416a4028"}	[{"salt": "200", "amount0": "0", "amount1": "0", "ordinal": 0, "tickLower": -250680, "tickUpper": -233160, "liquidityDelta": "40514691161901"}]
{"poolManager":"0x06380c0e0912312b5150364b9dc4542ba0dbbc85","txHash":"0x84b3012618402c512a0c4e32cd5b320459e49db69c657cca795d5d989da72599"}	[{"salt": "200", "amount0": "0", "amount1": "0", "ordinal": 0, "tickLower": -250680, "tickUpper": -233160, "liquidityDelta": "1761236983763"}]
{"poolManager":"0x06380c0e0912312b5150364b9dc4542ba0dbbc85","txHash":"0x03589fa92f792bb36af012c7c88d578304ed363c281d9048646175dbe891753c"}	[{"salt": "201", "amount0": "0", "amount1": "0", "ordinal": 0, "tickLower": -328800, "tickUpper": -322400, "liquidityDelta": "-14876297366054889"}]
{"poolManager":"0x06380c0e0912312b5150364b9dc4542ba0dbbc85","txHash":"0x7386077dc9c5388e473ebdab3b7269de03fc81b31cf4cba921f852f08114b774"}	[{"salt": "205", "amount0": "0", "amount1": "0", "ordinal": 0, "tickLower": -330400, "tickUpper": -322000, "liquidityDelta": "629454860066377"}]
{"poolManager":"0x06380c0e0912312b5150364b9dc4542ba0dbbc85","txHash":"0x6451a37c0bf3308f709824d99a5c95e50b6bdc8e911a7cce1a928a6d31f40378"}	[{"salt": "210", "amount0": "0", "amount1": "0", "ordinal": 0, "tickLower": -344000, "tickUpper": -336000, "liquidityDelta": "-6195883402548936"}]
{"poolManager":"0x06380c0e0912312b5150364b9dc4542ba0dbbc85","txHash":"0x3ff1375331d909a072fd889d5074e29eca29c76e00445b073dee7747152a92a7"}	[{"salt": "205", "amount0": "0", "amount1": "0", "ordinal": 0, "tickLower": -330400, "tickUpper": -322000, "liquidityDelta": "4019436746641584"}]
{"poolManager":"0x06380c0e0912312b5150364b9dc4542ba0dbbc85","txHash":"0xdfed16a86d6975b50384746fcafd5d1ebd6c6a7f4a3a9ad6ae594c8b79ac060f"}	[{"salt": "205", "amount0": "0", "amount1": "0", "ordinal": 0, "tickLower": -330400, "tickUpper": -322000, "liquidityDelta": "2548051353925904"}]
{"poolManager":"0x06380c0e0912312b5150364b9dc4542ba0dbbc85","txHash":"0xd6e4e761e8b0cceca26bc9e21c419c918329afbb1dbf8141a2232bc9972f622d"}	[{"salt": "205", "amount0": "0", "amount1": "0", "ordinal": 0, "tickLower": -330400, "tickUpper": -322000, "liquidityDelta": "3798167879808678"}]
{"poolManager":"0x06380c0e0912312b5150364b9dc4542ba0dbbc85","txHash":"0x835b5a0bf515df82ee228e5d93476d014a0aea52903c88885c7e1720059eaa08"}	[{"salt": "162", "amount0": "8056483059178849", "amount1": "79919520396334", "ordinal": 0, "tickLower": -48286, "tickUpper": -44429, "liquidityDelta": "0"}]
{"poolManager":"0x06380c0e0912312b5150364b9dc4542ba0dbbc85","txHash":"0x6c9eb91d078bd5c8f051823fcdccfc6397ba64b26eff49962194d90fcdd5a717"}	[{"salt": "96", "amount0": "49567222", "amount1": "1262304", "ordinal": 0, "tickLower": -36200, "tickUpper": -35800, "liquidityDelta": "0"}]
{"poolManager":"0x06380c0e0912312b5150364b9dc4542ba0dbbc85","txHash":"0x7055e3a9b6b27e70f94b03e324487ec64f24878991b65b472ad5910e91e9413c"}	[{"salt": "96", "amount0": "0", "amount1": "0", "ordinal": 0, "tickLower": -36200, "tickUpper": -35800, "liquidityDelta": "5024194050"}]
{"poolManager":"0x06380c0e0912312b5150364b9dc4542ba0dbbc85","txHash":"0xe063cdbab7e1cb1c9d3e460f45735678c625400b3dea20f4afe7b361d4a8cc93"}	[{"salt": "118", "amount0": "355292672910528359", "amount1": "8791216", "ordinal": 0, "tickLower": -244620, "tickUpper": -241620, "liquidityDelta": "-413042650383533"}]
{"poolManager":"0x06380c0e0912312b5150364b9dc4542ba0dbbc85","txHash":"0xa19bb5328bbff4270aef4d1672fa7f1a7542c7d6ee580babca549baee1164ece"}	[{"salt": "212", "amount0": "0", "amount1": "0", "ordinal": 0, "tickLower": -887220, "tickUpper": 887220, "liquidityDelta": "-864699758228924314"}]
{"poolManager":"0x06380c0e0912312b5150364b9dc4542ba0dbbc85","txHash":"0x3f0b4edccf7d3ee345bbe9431b342888082e60b14b76936e152a9a794b963cdd"}	[{"salt": "148", "amount0": "391426526166993", "amount1": "3778324626529", "ordinal": 0, "tickLower": -88054, "tickUpper": 0, "liquidityDelta": "41577052140716494"}]
{"poolManager":"0x06380c0e0912312b5150364b9dc4542ba0dbbc85","txHash":"0x5f4d398366336bff0fed68d2299f1a7dc3b233019af49f3ce191494faac80a97"}	[{"salt": "211", "amount0": "0", "amount1": "0", "ordinal": 0, "tickLower": -307200, "tickUpper": -305220, "liquidityDelta": "-449927377767198"}]
{"poolManager":"0x06380c0e0912312b5150364b9dc4542ba0dbbc85","txHash":"0x9ccc52be0a8b754f791be01439b7767740382475a69edc234cc8382206e87a7f"}	[{"salt": "200", "amount0": "1797048942450968037", "amount1": "37000448", "ordinal": 0, "tickLower": -250680, "tickUpper": -233160, "liquidityDelta": "224696955931153"}]
{"poolManager":"0x06380c0e0912312b5150364b9dc4542ba0dbbc85","txHash":"0x49a4bc34a0521aaa1a62f03c3286da92802bee06821fed7e8f694152b34f3fa6"}	[{"salt": "200", "amount0": "0", "amount1": "0", "ordinal": 0, "tickLower": -250680, "tickUpper": -233160, "liquidityDelta": "341930150903948"}]
{"poolManager":"0x06380c0e0912312b5150364b9dc4542ba0dbbc85","txHash":"0x4ceb429f4f979f1774b6e30d50920f97853ef8ed672b294c76c734bd8b191292"}	[{"salt": "200", "amount0": "0", "amount1": "0", "ordinal": 0, "tickLower": -250680, "tickUpper": -233160, "liquidityDelta": "234466388930171"}]
{"poolManager":"0x06380c0e0912312b5150364b9dc4542ba0dbbc85","txHash":"0xf68d18097eea89f0d7a911303d57b179d49dc7c1f893d318450944ccf4c9edf9"}	[{"salt": "213", "amount0": "0", "amount1": "167595", "ordinal": 0, "tickLower": -345000, "tickUpper": -338000, "liquidityDelta": "-9489835864092523"}]
{"poolManager":"0x06380c0e0912312b5150364b9dc4542ba0dbbc85","txHash":"0x346803d719234faa6a7ff8fa1af1d9c068eb94622400bc2de123f54130fbd622"}	[{"salt": "200", "amount0": "17491369434506681", "amount1": "94524", "ordinal": 0, "tickLower": -250680, "tickUpper": -233160, "liquidityDelta": "231763321447554"}]
{"poolManager":"0x06380c0e0912312b5150364b9dc4542ba0dbbc85","txHash":"0x3117278dafd13d024f57e0430111638c409b76a1e689a1fcdcb6dd2a85161731"}	[{"salt": "200", "amount0": "0", "amount1": "0", "ordinal": 0, "tickLower": -250680, "tickUpper": -233160, "liquidityDelta": "96568050516324"}]
{"poolManager":"0x06380c0e0912312b5150364b9dc4542ba0dbbc85","txHash":"0xabadaba752dfadf34897efcf547817f7e0740e134f6de0a3477528263351072a"}	[{"salt": "192", "amount0": "267120205998048847", "amount1": "5575759", "ordinal": 0, "tickLower": -246550, "tickUpper": -230270, "liquidityDelta": "0"}]
{"poolManager":"0x06380c0e0912312b5150364b9dc4542ba0dbbc85","txHash":"0x66326a10d94a20f4f9f7f8eb284efb4aedf31b5308aacb19f850582271d18691"}	[{"salt": "214", "amount0": "0", "amount1": "0", "ordinal": 0, "tickLower": -340000, "tickUpper": -330000, "liquidityDelta": "-8750864433065087"}]
{"poolManager":"0x06380c0e0912312b5150364b9dc4542ba0dbbc85","txHash":"0x6f280b59d28ab747fd5ff2e6ba0db25813ed7deb563ffeeb14b8ad1d73a12cb6"}	[{"salt": "205", "amount0": "0", "amount1": "0", "ordinal": 0, "tickLower": -330400, "tickUpper": -322000, "liquidityDelta": "8112387994605705"}]
{"poolManager":"0x06380c0e0912312b5150364b9dc4542ba0dbbc85","txHash":"0xac65d17ba02e2d8cecded56ece912d8319882fed003308bd095e3c18ecf50bfa"}	[{"salt": "205", "amount0": "0", "amount1": "0", "ordinal": 0, "tickLower": -330400, "tickUpper": -322000, "liquidityDelta": "28150495031611988"}]
{"poolManager":"0x06380c0e0912312b5150364b9dc4542ba0dbbc85","txHash":"0x2f46472b86819537aec87f18a4c528a25720c42af7dc1da26a3e829267f23099"}	[{"salt": "205", "amount0": "0", "amount1": "0", "ordinal": 0, "tickLower": -330400, "tickUpper": -322000, "liquidityDelta": "-28150501983042984"}]
{"poolManager":"0x06380c0e0912312b5150364b9dc4542ba0dbbc85","txHash":"0xf001bfacd9e34a02ade876d43b3ab5a839680f105940902e5ecba55e2f85e361"}	[{"salt": "215", "amount0": "0", "amount1": "0", "ordinal": 0, "tickLower": -305760, "tickUpper": -305220, "liquidityDelta": "-3024807663803107"}]
{"poolManager":"0x06380c0e0912312b5150364b9dc4542ba0dbbc85","txHash":"0x914d81d2aa87d969215fc0f34a6e763868ba7e2f23155ef4bf3298a09d0d5589"}	[{"salt": "216", "amount0": "0", "amount1": "0", "ordinal": 0, "tickLower": -246360, "tickUpper": -232500, "liquidityDelta": "-99001753267568"}]
{"poolManager":"0x06380c0e0912312b5150364b9dc4542ba0dbbc85","txHash":"0xfeeefac6f24dcff9de26140188d50926bf5b6699d9b9f80c9433123cd74e8108"}	[{"salt": "205", "amount0": "0", "amount1": "0", "ordinal": 0, "tickLower": -330400, "tickUpper": -322000, "liquidityDelta": "-28150501983042984"}]
{"poolManager":"0x06380c0e0912312b5150364b9dc4542ba0dbbc85","txHash":"0x767f15d4717a50bb179c71d6b23f8b0ddd9cb06c9e8d521a30c93351757b4e9f"}	[{"salt": "217", "amount0": "0", "amount1": "0", "ordinal": 0, "tickLower": -343200, "tickUpper": -341600, "liquidityDelta": "-152042006784657831"}]
{"poolManager":"0x06380c0e0912312b5150364b9dc4542ba0dbbc85","txHash":"0xc997211c515026e97e926e4f255f58779a69d90ef442c6e9cd8cedf6604b3645"}	[{"salt": "218", "amount0": "4110206219153412832223", "amount1": "0", "ordinal": 0, "tickLower": -342400, "tickUpper": -340800, "liquidityDelta": "0"}]
{"poolManager":"0x06380c0e0912312b5150364b9dc4542ba0dbbc85","txHash":"0xff36c4ec3909f1e5c925049bf4edf855443c0a120f84045ccf4dbb9e1e6967fe"}	[{"salt": "129", "amount0": "4429433390099858", "amount1": "94697", "ordinal": 0, "tickLower": -887270, "tickUpper": 887270, "liquidityDelta": "0"}]
{"poolManager":"0x06380c0e0912312b5150364b9dc4542ba0dbbc85","txHash":"0x5590cfd64d269e7b762338dd93b28d53c07943d54419f9662f7d5fdb43d0a9cb"}	[{"salt": "129", "amount0": "0", "amount1": "4", "ordinal": 0, "tickLower": -887270, "tickUpper": 887270, "liquidityDelta": "46600911553"}]
{"poolManager":"0x06380c0e0912312b5150364b9dc4542ba0dbbc85","txHash":"0x40ae950596f93526f22e7b3232f70c01640fade3ac9900ee5bec412c7051f7f7"}	[{"salt": "218", "amount0": "16979279731591424990219", "amount1": "0", "ordinal": 0, "tickLower": -342400, "tickUpper": -340800, "liquidityDelta": "0"}]
{"poolManager":"0x06380c0e0912312b5150364b9dc4542ba0dbbc85","txHash":"0x25493f84f1b41d28bf77044507976418c3648556e1682c064b1ac67e43d61a80"}	[{"salt": "218", "amount0": "0", "amount1": "0", "ordinal": 0, "tickLower": -342400, "tickUpper": -340800, "liquidityDelta": "10021167276235580"}]
{"poolManager":"0x06380c0e0912312b5150364b9dc4542ba0dbbc85","txHash":"0x6549b7bd54ac656951bc60a83b9267dcb60f00e17c596a7836df89b083be602e"}	[{"salt": "218", "amount0": "0", "amount1": "0", "ordinal": 0, "tickLower": -342400, "tickUpper": -340800, "liquidityDelta": "-156101813517251382"}]
{"poolManager":"0x06380c0e0912312b5150364b9dc4542ba0dbbc85","txHash":"0x158fc48b0f0b824bcd9accf246db00967f6e4f77e73230ec7b10a55aa18b3a6d"}	[{"salt": "110", "amount0": "7503477176214354", "amount1": "159142", "ordinal": 0, "tickLower": -887270, "tickUpper": 887270, "liquidityDelta": "0"}]
{"poolManager":"0x06380c0e0912312b5150364b9dc4542ba0dbbc85","txHash":"0x62889418d58f85b5f4aef5a27403a8a6b585a9961af440f717e292323562558e"}	[{"salt": "221", "amount0": "0", "amount1": "0", "ordinal": 0, "tickLower": -342800, "tickUpper": -341600, "liquidityDelta": "-126154103648902948"}]
{"poolManager":"0x06380c0e0912312b5150364b9dc4542ba0dbbc85","txHash":"0x1fc345ee45a33cf8c8b70a88a33a1580a4efd2848aa95297246b3bbcc29e6330"}	[{"salt": "223", "amount0": "0", "amount1": "0", "ordinal": 0, "tickLower": -342400, "tickUpper": -341600, "liquidityDelta": "26410114236280689"}]
{"poolManager":"0x06380c0e0912312b5150364b9dc4542ba0dbbc85","txHash":"0x70b58f6667e5b697e155c1ea1e95fb490c7c251ec9cdb42028f5c0b30a579a51"}	[{"salt": "223", "amount0": "0", "amount1": "0", "ordinal": 0, "tickLower": -342400, "tickUpper": -341600, "liquidityDelta": "38501076575477051"}]
{"poolManager":"0x06380c0e0912312b5150364b9dc4542ba0dbbc85","txHash":"0xd05cab3048ebbc0e0615f21ea962cb1da682e939161a0ec4b5c7bf8348c9c5df"}	[{"salt": "223", "amount0": "0", "amount1": "0", "ordinal": 0, "tickLower": -342400, "tickUpper": -341600, "liquidityDelta": "-309076539977201286"}]
{"poolManager":"0x06380c0e0912312b5150364b9dc4542ba0dbbc85","txHash":"0xe5f6c87bd818eb3f5ccbed4dfd9505e468ba0148b7565d3a9c9c4055872e116a"}	[{"salt": "200", "amount0": "618264282995357749", "amount1": "12754375", "ordinal": 0, "tickLower": -250680, "tickUpper": -233160, "liquidityDelta": "0"}]
{"poolManager":"0x06380c0e0912312b5150364b9dc4542ba0dbbc85","txHash":"0x1491a8cbe1a928a813266e236ee0916d9056070379203b06689612904b29a682"}	[{"salt": "200", "amount0": "0", "amount1": "0", "ordinal": 0, "tickLower": -250680, "tickUpper": -233160, "liquidityDelta": "13325739391305"}]
{"poolManager":"0x06380c0e0912312b5150364b9dc4542ba0dbbc85","txHash":"0x6fd8fb063fda3efd2255fdec3de8d1086c90d893d5af593b925ecb31a040e50e"}	[{"salt": "136", "amount0": "10674363212292523", "amount1": "523623730333063", "ordinal": 0, "tickLower": -29400, "tickUpper": -24800, "liquidityDelta": "-535341217736684465"}]
{"poolManager":"0x06380c0e0912312b5150364b9dc4542ba0dbbc85","txHash":"0x0344ca1edbc9612db2694864b256ae9a04899dab767e68e0115ec120d07579a8"}	[{"salt": "25", "amount0": "12263096291905166", "amount1": "287184", "ordinal": 0, "tickLower": -245410, "tickUpper": -239430, "liquidityDelta": "0"}]
{"poolManager":"0x06380c0e0912312b5150364b9dc4542ba0dbbc85","txHash":"0x4e84c2e7f53d42858c9f3c3db57383ce4f388c2194a3fb194639f25657a73c03"}	[{"salt": "96", "amount0": "13560964", "amount1": "205458", "ordinal": 0, "tickLower": -36200, "tickUpper": -35800, "liquidityDelta": "-110571190129"}]
{"poolManager":"0x06380c0e0912312b5150364b9dc4542ba0dbbc85","txHash":"0xf9d5021e0a467e015384ee29e6f4a16cd70abbe4082c1a5601563522a44f0844"}	[{"salt": "25", "amount0": "0", "amount1": "0", "ordinal": 0, "tickLower": -245410, "tickUpper": -239430, "liquidityDelta": "-104871682715697"}]
{"poolManager":"0x06380c0e0912312b5150364b9dc4542ba0dbbc85","txHash":"0xf7970d835451a75b9b640e95eaf8fae25feb64b1681facdc28bca1ee3671451f"}	[{"salt": "112", "amount0": "63926651819027418", "amount1": "1311144", "ordinal": 0, "tickLower": -253300, "tickUpper": -231900, "liquidityDelta": "0"}]
{"poolManager":"0x06380c0e0912312b5150364b9dc4542ba0dbbc85","txHash":"0xcdf496d4ecead09cfbaf2c9be126636c92ee4be36b1474cc6d759afd620dd3a5"}	[{"salt": "112", "amount0": "2258565946184", "amount1": "0", "ordinal": 0, "tickLower": -253300, "tickUpper": -231900, "liquidityDelta": "986543451502"}]
{"poolManager":"0x06380c0e0912312b5150364b9dc4542ba0dbbc85","txHash":"0x0cff30b95e7192b7ecd6c94761cbba2576ef708deea0e7a8d5a1b12af4c67040"}	[{"salt": "225", "amount0": "19824569378572", "amount1": "0", "ordinal": 0, "tickLower": -246900, "tickUpper": -243960, "liquidityDelta": "17360655660056"}]
{"poolManager":"0x06380c0e0912312b5150364b9dc4542ba0dbbc85","txHash":"0x1d11c242acf346dad68921b3ed160e5ae80c0d8f3c1639c7ec564cc2a75029cc"}	[{"salt": "225", "amount0": "0", "amount1": "0", "ordinal": 0, "tickLower": -246900, "tickUpper": -243960, "liquidityDelta": "-71922292320892"}]
{"poolManager":"0x06380c0e0912312b5150364b9dc4542ba0dbbc85","txHash":"0x14cd21eed276dcf21d5cbfcb271149c6a8b6c0809c695b00c25851fef0e486a9"}	[{"salt": "231", "amount0": "0", "amount1": "0", "ordinal": 0, "tickLower": -887220, "tickUpper": 887220, "liquidityDelta": "-288446891"}]
{"poolManager":"0x06380c0e0912312b5150364b9dc4542ba0dbbc85","txHash":"0x20aa65e42780166099bf452e8465551212625d2a93958b9b1ae827fd01a6b1ba"}	[{"salt": "143", "amount0": "164896000420518", "amount1": "3497", "ordinal": 0, "tickLower": -246510, "tickUpper": -242190, "liquidityDelta": "0"}]
{"poolManager":"0x06380c0e0912312b5150364b9dc4542ba0dbbc85","txHash":"0x6fc4f2f3054e3664de52844a19c63b7dcd2af4fe430e600cba9dc838db6e861a"}	[{"salt": "143", "amount0": "0", "amount1": "0", "ordinal": 0, "tickLower": -246510, "tickUpper": -242190, "liquidityDelta": "-184310494887"}]
{"poolManager":"0x06380c0e0912312b5150364b9dc4542ba0dbbc85","txHash":"0x8a65109f5a850399049dce87cacb478631dc8bc14a041689a25941c2d1086fe7"}	[{"salt": "192", "amount0": "61658931343948844", "amount1": "1255724", "ordinal": 0, "tickLower": -246550, "tickUpper": -230270, "liquidityDelta": "-705637946682210"}]
{"poolManager":"0x06380c0e0912312b5150364b9dc4542ba0dbbc85","txHash":"0x4bd23369dcda859f5157fdcd5c244dbe0105d5aa733d59035b98f369bc5c38db"}	[{"salt": "239", "amount0": "2", "amount1": "0", "ordinal": 0, "tickLower": 332220, "tickUpper": 338820, "liquidityDelta": "393006429335256"}]
{"poolManager":"0x06380c0e0912312b5150364b9dc4542ba0dbbc85","txHash":"0x73fe2c05dfef75e56c7827b7b202f218f42b301bc6d5e7005e7c1cbf37462c51"}	[{"salt": "239", "amount0": "0", "amount1": "0", "ordinal": 0, "tickLower": 332220, "tickUpper": 338820, "liquidityDelta": "-393024974430345"}]
{"poolManager":"0x06380c0e0912312b5150364b9dc4542ba0dbbc85","txHash":"0xbc13d159e18e3813695c134d8e8aa71f6bf897f0d9777ca62672b3ed3408a649"}	[{"salt": "162", "amount0": "20927323064307039", "amount1": "179716028933016", "ordinal": 0, "tickLower": -48286, "tickUpper": -44429, "liquidityDelta": "0"}]
{"poolManager":"0x06380c0e0912312b5150364b9dc4542ba0dbbc85","txHash":"0x1765d556eb38dc4a5ef3ece8342b15e203a868f0dd5ab37467fcaac0e89e7119"}	[{"salt": "162", "amount0": "159924751437821", "amount1": "750780981475", "ordinal": 0, "tickLower": -48286, "tickUpper": -44429, "liquidityDelta": "-34620806449598017537"}]
{"poolManager":"0x06380c0e0912312b5150364b9dc4542ba0dbbc85","txHash":"0x7fa67671c18aa2e3e169a3564df66cf0203c5c0150e81da0d5fcdd8892ea0303"}	[{"salt": "33", "amount0": "83472267319435355", "amount1": "1901", "ordinal": 0, "tickLower": -323220, "tickUpper": -301260, "liquidityDelta": "0"}]
{"poolManager":"0x06380c0e0912312b5150364b9dc4542ba0dbbc85","txHash":"0x9aeac7eb3782fc4ec68ef9a20578df546e4c7076b6fc234cd56a06d16d1af5b3"}	[{"salt": "33", "amount0": "0", "amount1": "0", "ordinal": 0, "tickLower": -323220, "tickUpper": -301260, "liquidityDelta": "36095225285"}]
{"poolManager":"0x06380c0e0912312b5150364b9dc4542ba0dbbc85","txHash":"0xccdb7fc70fb78931d67c6d93eca3cf12566fb4e59d61102d4d250012fc4557d0"}	[{"salt": "240", "amount0": "0", "amount1": "0", "ordinal": 0, "tickLower": -248110, "tickUpper": -243220, "liquidityDelta": "-48673169300490"}]
{"poolManager":"0x06380c0e0912312b5150364b9dc4542ba0dbbc85","txHash":"0xfdcedf072565b1aaa64edfaf63c7e9db3533674505b35a97c56f3b9ac4182a09"}	[{"salt": "241", "amount0": "0", "amount1": "0", "ordinal": 0, "tickLower": -248090, "tickUpper": -246360, "liquidityDelta": "5247189956347"}]
{"poolManager":"0x06380c0e0912312b5150364b9dc4542ba0dbbc85","txHash":"0x80afb7f13bc0c0fdc962709ffc1e36ef24b6efc3d0e9f7c5332fc4c05fe03bf3"}	[{"salt": "241", "amount0": "0", "amount1": "0", "ordinal": 0, "tickLower": -248090, "tickUpper": -246360, "liquidityDelta": "1097359242556"}]
{"poolManager":"0x06380c0e0912312b5150364b9dc4542ba0dbbc85","txHash":"0xfa077ab0aa0aa5e26ba859801e01aaeb12aff1e56bf0e87f78b531efcdd91ac4"}	[{"salt": "241", "amount0": "0", "amount1": "0", "ordinal": 0, "tickLower": -248090, "tickUpper": -246360, "liquidityDelta": "-129420624054415"}]
{"poolManager":"0x06380c0e0912312b5150364b9dc4542ba0dbbc85","txHash":"0xd6cf9eb948cf709fb0691683244a3e6e447a03fb70a2c951815a12a51e5c726e"}	[{"salt": "193", "amount0": "1383025554983452", "amount1": "29768", "ordinal": 0, "tickLower": -245960, "tickUpper": -235430, "liquidityDelta": "-8849104351824"}]
{"poolManager":"0x06380c0e0912312b5150364b9dc4542ba0dbbc85","txHash":"0x99c6f2b90e0a7a4608584b1ea71bd89a87bd11876d9e475f5b2c346a6d65abcd"}	[{"salt": "200", "amount0": "1171132582623636184", "amount1": "14930904", "ordinal": 0, "tickLower": -250680, "tickUpper": -233160, "liquidityDelta": "0"}]
{"poolManager":"0x06380c0e0912312b5150364b9dc4542ba0dbbc85","txHash":"0x9b2f1fb372d7bd9a3408d9f19ef6185b5503531f2a43826f7733405412ad2de3"}	[{"salt": "238", "amount0": "33966756404974956", "amount1": "626747", "ordinal": 0, "tickLower": -247320, "tickUpper": -230280, "liquidityDelta": "-669281894450358"}]
{"poolManager":"0x06380c0e0912312b5150364b9dc4542ba0dbbc85","txHash":"0x0e0d6f7e2df3bcffce6c7802c50672824d02afe144493d7cca26fb4923cb2737"}	[{"salt": "166", "amount0": "171840779991775707", "amount1": "3950443", "ordinal": 0, "tickLower": -245410, "tickUpper": -239690, "liquidityDelta": "0"}]
{"poolManager":"0x06380c0e0912312b5150364b9dc4542ba0dbbc85","txHash":"0x6636b8da55509947ddb8013d2b761e23d770515524007aa44e2a28e3900c7339"}	[{"salt": "166", "amount0": "0", "amount1": "0", "ordinal": 0, "tickLower": -245410, "tickUpper": -239690, "liquidityDelta": "-867544015510051"}]
{"poolManager":"0x06380c0e0912312b5150364b9dc4542ba0dbbc85","txHash":"0xe2478bc26a4b8513da55b4bef6485098b7efb5e4c4134ee38e7eb4d8845775f2"}	[{"salt": "245", "amount0": "0", "amount1": "0", "ordinal": 0, "tickLower": -60, "tickUpper": 60, "liquidityDelta": "-666760384127"}]
{"poolManager":"0x06380c0e0912312b5150364b9dc4542ba0dbbc85","txHash":"0x771e0b20364540900fcf78f04042a2533857757ec7b3f6e6a91a6835f0cafca8"}	[{"salt": "220", "amount0": "1023543011106504", "amount1": "16328", "ordinal": 0, "tickLower": -249060, "tickUpper": -248340, "liquidityDelta": "0"}]
{"poolManager":"0x06380c0e0912312b5150364b9dc4542ba0dbbc85","txHash":"0xc763c48085d6c6ffe681e69cca0b4eee50785b3836c427451d3c15317b5e8615"}	[{"salt": "220", "amount0": "0", "amount1": "0", "ordinal": 0, "tickLower": -249060, "tickUpper": -248340, "liquidityDelta": "-21693784190203"}]
{"poolManager":"0x06380c0e0912312b5150364b9dc4542ba0dbbc85","txHash":"0x5e3796fc50d47b7ba5435efa0f867fb6bd416b89a2a6116c75aad78a3ee7f63f"}	[{"salt": "237", "amount0": "1142872258248584", "amount1": "19503", "ordinal": 0, "tickLower": -251020, "tickUpper": -244890, "liquidityDelta": "27350988769956"}]
{"poolManager":"0x06380c0e0912312b5150364b9dc4542ba0dbbc85","txHash":"0xb67a365375b4b8d4fd9947213ed929d2ed50637224f8ea109aa72a62a077f615"}	[{"salt": "235", "amount0": "750738", "amount1": "344386042986419511157", "ordinal": 0, "tickLower": -887200, "tickUpper": 887200, "liquidityDelta": "0"}]
{"poolManager":"0x06380c0e0912312b5150364b9dc4542ba0dbbc85","txHash":"0x8eada04dbeb4a4d3eec480a1cbe3056b7d7285f8df8401f6d7db29642adc41ea"}	[{"salt": "235", "amount0": "0", "amount1": "0", "ordinal": 0, "tickLower": -887200, "tickUpper": 887200, "liquidityDelta": "-8600103363938389"}]
{"poolManager":"0x06380c0e0912312b5150364b9dc4542ba0dbbc85","txHash":"0xddf1b739f05c3039b55d55cc342cc0afc2c9e5060382b8b64d4f8c4c447bb7a9"}	[{"salt": "248", "amount0": "0", "amount1": "0", "ordinal": 0, "tickLower": 65100, "tickUpper": 68700, "liquidityDelta": "-59807487"}]
{"poolManager":"0x06380c0e0912312b5150364b9dc4542ba0dbbc85","txHash":"0x02a6fc8eae702954e01c21842b9cef59b6665925a87061b4adca6a735b63bff8"}	[{"salt": "161", "amount0": "787957285240205500", "amount1": "18519560", "ordinal": 0, "tickLower": -245280, "tickUpper": -236220, "liquidityDelta": "-3628952461099237"}]
{"poolManager":"0x06380c0e0912312b5150364b9dc4542ba0dbbc85","txHash":"0x45457e00475d21f3394286f417cd0325e2eecac9a859edb1a03e21ff3c31e58f"}	[{"salt": "242", "amount0": "15140164104796853", "amount1": "284366", "ordinal": 0, "tickLower": -248290, "tickUpper": -246370, "liquidityDelta": "-195078511272932"}]
{"poolManager":"0x06380c0e0912312b5150364b9dc4542ba0dbbc85","txHash":"0x6a18bb44167ebe7c9e01f8cf666ed84bbd998e67b073d01aa5bdcef7a882fc71"}	[{"salt": "187", "amount0": "17026211532712", "amount1": "211", "ordinal": 0, "tickLower": -247080, "tickUpper": -242100, "liquidityDelta": "0"}]
{"poolManager":"0x06380c0e0912312b5150364b9dc4542ba0dbbc85","txHash":"0xd250162975d78dc373580df3cd2448b3f106197d8a152f296d47c29d72d8e167"}	[{"salt": "251", "amount0": "2204840766606221", "amount1": "68078", "ordinal": 0, "tickLower": -247980, "tickUpper": -245400, "liquidityDelta": "-444954185659080"}]
